-1.0,0.11459426629646496,-0.12344912405608358,-0.05377803790587054,-0.13204452709075182,-0.0352034667175932,-0.1394204987787471,0.026741642059258268,-0.005258561677393209,-0.11521745182033064,-0.008952972836729087,-0.08408011703274336,-0.008270576941885596,-0.10330911034135304,-0.11967949438691015,-0.005798372362828675,0.044895574064302696,-0.019615996550600378,0.06482984632980546,0.00746870455122151,-0.044110076930460165,0.035140921166204715,-0.09585252412579316,-0.006071746783084641,0.007591140346126991,0.0006882997481145085,0.014265124099299144,-0.00757494857144842,-0.04454703048403288,0.042283530056808794,-0.05080824990160639,-0.01721677472202354,0.049591480627035674,0.09335026450889813,0.04245911272691715,-0.028928367284814877,-0.08486515078096182,-0.021694326358549784,0.010080519331545156,0.05145960064159206,0.03759659859449649,-0.027423401181971507,-0.0018204852998850488,0.03841257979302967,-0.009396776135008656,0.08683970209116024,0.0619387588491202,-0.01599058501435764,0.04010341349263349,-0.027408104738020776
0.0,-0.1610054787697194,0.002977629354982966,-0.005624256989279339,0.0617718182003047,0.055922657073958805,-0.06869455909831317,-0.06171700888613513,0.01800711412627472,0.024615593494833176,-0.02788639418485529,-0.017566942050432306,-0.017049834468354796,-0.018881900599756828,-0.028400428821154157,-0.018489310344622232,8.620598518822373e-05,-0.011665901178223867,0.02100387212313355,-0.02929985110934882,0.028049542282147125,0.0007997971437652192,-0.028934523518798865,0.04875258826353684,-0.04713232121179464,-0.0207756662187657,0.040989658504539124,0.011928153022260869,0.006504912973812892,-0.0032911259867726707,0.03251728189667366,0.010256762336249415,-0.026640006348221962,0.029639236938078573,-0.018569720803296014,0.001298556270168629,-0.01733273986192392,0.04290304166097003,0.011169231897916828,-0.009713696322510774,-0.057905879863202975,0.02113461609809681,0.02400817533046969,-0.009522948636450385,0.024501580017936318,-0.00893329704649754,-0.0034552986081991923,-0.0020716001632427932,-0.009507894289293939,-0.0023283259409158743
0.0,-0.2506417174271137,-0.0765027999775498,-0.03679458745727755,-0.06927051448599643,0.157317797565196,-0.1630543064093604,-0.06222690255771604,0.01943494261955279,-0.02814894298838905,-0.02131616954579807,-0.02572814835250647,0.007458236878808364,-0.0063830482308682,-0.01975496530161277,-0.0017873786149600111,-0.003163802614529342,-0.0011876021319593836,-0.012136720630996793,-0.0036472523094416335,0.02759882595938635,-0.012225301102156865,-0.014902027074604151,0.014849875531287516,-0.02256857790390579,-0.037054006393200056,0.01790558735175004,0.0011287479046556935,0.0009860080831517323,-0.010839351683160069,0.013501716882823938,-0.005023092823519567,-0.011490026662156082,0.03274576416969753,-0.030820519140814125,-0.010104603666114136,0.00445673638206456,0.025162960914685454,-0.014660355462804855,0.022761692181980576,-0.029505647713635376,0.0330970502446181,-0.013274944222003732,0.0033653863151441575,0.019033352611151366,-0.02840819092342006,0.01822479912614642,0.0063115546978983125,0.013808373575030612,0.0027087774060808607
0.0,-0.07265147910827698,-0.4092503914930256,0.6576631668907105,-0.03271784410692444,-0.03973193745160275,-0.03805391720379667,-0.023731609885827287,0.06546174787558551,0.052711444260749155,-0.007044425530671293,0.08192966396728833,0.0028282025468531506,-0.047144704405768414,-0.052199848113794245,-0.1075589710971521,-0.014160262571554555,0.028713338036790857,-0.03981423153221024,0.0017000219271244143,0.012132525276035281,0.01037205174867298,-0.03245004801738083,0.021706155923245547,0.007067408555405523,0.03930259709765578,0.022746297347358158,0.017975352624736006,0.031697598725872564,-0.06036657209533072,-0.038995713181099255,0.007678865491296245,-0.05020433517450152,-0.07325389342420667,-0.04708780345837303,0.030360840493955765,0.0386115427884278,-0.037528725862152314,-0.05388846947463331,0.011369853081093081,0.015857162294032546,-0.005616217966003722,0.025965791329920267,0.0233180989371994,0.011976765920301934,-0.030179668751597527,-0.0631824041952889,0.005373776944371895,-0.02229809660420451,0.061593466792912485
0.0,-0.15904643265473078,-0.22755701126449515,0.04380450529983582,-0.31570694688188766,-0.13967690953251974,-0.13427300981659476,-0.03608176768887937,0.008900887867800555,-0.06963678157373435,-0.029284191618680372,-0.002977405118195512,0.003475396713132209,0.018969392537497336,-0.09183577771902025,-0.011172551927821446,-0.03802835012928372,0.027866457779156684,-0.02867202962864649,0.0813608561473461,-0.037596911594421516,-0.04280668574002681,-0.02714066406143538,0.02630591833695498,-0.0180491601656966,-0.022540215353704582,0.0634458425192838,0.011714509533312182,0.008953955245489581,-0.020753242982015467,0.019282572668910813,-0.04916982328954617,-0.025580603937001494,0.12575922009545118,-0.1449550010835127,0.10235234842902585,0.0032234603981808963,0.007146030762020602,-0.037189503275866356,0.08936910122637569,-0.06210191236637391,-0.03131597056510151,0.014116148648847377,-0.013224464261177665,-0.010888129949268632,0.008972076850231703,0.0016035665159436206,0.003143888410902467,-0.008676071484077138,0.005286150304239409
0.0,-0.16855832794678932,-0.1410595148406285,0.027831629067730214,-0.2439906685778821,-0.20511318390784686,-0.129398362015586,-0.05572864622755108,0.012724087111017864,-0.0104731284757749,-0.028996149649510805,-0.003862509404268344,-0.03210231187463477,0.03852964549823201,-0.07345953475559261,-0.013535431875567886,-0.04186987736935918,0.031027200526773383,-0.022614155147076594,0.11786873850406593,-0.05267060736173731,-0.07412240477225274,0.024233463888262877,-0.032255103702700794,-0.0003427255813385344,0.011695178894948775,0.014281039834638503,0.010159703033695502,0.0053897934093442654,-0.00617481163623132,0.04428642986401075,-0.012086848081109632,-0.01703898685781596,0.06526288263720026,-0.06681333217196242,0.052888932360594304,-0.008185157071187601,0.028928908021591423,-0.003137089109907166,0.017164462764627603,-0.061424117431500676,-0.007267041473497746,0.022270586955669427,-0.0333234909627343,0.007780873436844174,0.009980184964195069,-0.002053358916224643,0.006376574615232061,-0.012829540015110476,-0.004129065482642406
0.0,0.04299111997550211,-0.06838929354481924,0.06044195945653894,-0.010117701825385145,-0.3694764691351869,-0.01109457460195122,0.007366804733605115,0.05344712200098672,0.055598858605769304,0.02582372563362613,0.002558821622874931,-0.03647831096719958,0.05284536656741359,0.0014308323971952358,0.009430163834309526,-0.006789501929939662,0.002370851270371982,-0.002749269522365156,0.04140655706289855,-0.015142866129616482,-0.041970366736466695,-0.0008083064728431061,-0.011181106941070785,-0.01938838567155426,-0.010147286451355025,0.001412815190950297,0.010422008932281316,-0.0005639348865650948,-0.0009201436903395985,0.05114367997525961,-0.007804670220297638,-0.009732020798580387,0.012844362939192526,-0.03212655528572219,-0.015673829841143253,-0.013030605326696441,0.03910766870107464,-0.007966349228542304,-0.016178205635466986,-0.03318404162549231,0.027564955017582212,-0.012232726328993897,-0.018391043351007868,0.01970273261575274,-0.03370252135639467,0.027646382820976444,0.014060281712464815,0.004741263560213063,-0.004721853332868812
0.0,-0.04676077636831304,-0.0272879580585663,0.003986132595633603,-0.004524493117207523,0.00506457526962586,-0.06293751238456936,-0.029001420382856302,-0.007106870774733946,0.08833639950456859,-0.015028308677771406,0.00617603592438323,-0.0015375745576067376,0.018250101686848055,-0.03431017868540803,0.01995634268847713,-0.021740040026866317,-0.01605378524299676,0.02362682554647415,0.028278880346460016,0.010247757522291666,-0.019730742274465956,-0.008029722296480184,0.0005631449860576623,0.0018180561625270521,0.024572461886881454,0.003932309601245692,-0.023786124621980376,-0.02661447596020416,-0.030442956080457117,-0.004552058333870297,0.01070737947476032,0.009241012011792804,0.0059153693153853005,0.016451946895464233,-0.010016146353464137,-0.015226266666731667,0.016274003614816006,0.007883418296056018,0.009672830898469723,-0.0024051136449420494,0.0027386084418863726,0.007994801745552045,-0.0007170455530907111,-0.005404855434146726,0.0002964593593725375,-0.02054689488877027,-0.02503842827665504,-0.009764543228969583,-0.01759953067073542
0.0,-0.07411847226434297,-0.01323940378680355,0.01124561112654193,-0.035760520797408345,0.03228556203680168,-0.047354035551994945,0.017028298144381164,0.02804042045374218,-0.040916227258165634,-0.005975899249978097,-0.011281589346622637,0.035918260478721285,-0.023648436888474348,-0.022738883251988126,0.013924854202901444,0.012636440401145185,0.01412431688542847,-0.014026628044486827,0.017695030631094098,-0.02812781048904504,-0.0002640471681599032,-0.0008120230815091772,0.025855192755062914,-0.011505222291909709,0.009358029457493087,0.008809681608562174,-0.006483089560568792,-0.009365648258321216,0.012071629987933378,0.013397530158765941,-0.0021940423617555264,-0.019234334259835815,0.020557801439970085,-0.011674023257598363,0.025622354236522746,0.015394259662027688,-0.020653107520872512,-0.05603869500815267,-0.005133166702421898,-0.01747755600161613,-0.0057053092733122006,-0.011660780125561947,0.016494135208692685,-0.03452911167039947,-0.016714463091125266,0.04912224140031141,0.0038468650049709565,0.01895022382924052,-0.0032673958935391023
0.0,0.1098052100028759,0.16689541899442764,-0.11313166526041171,0.1278437785657139,-0.012340274118950981,0.16447665644364354,0.11894932880117624,0.09953116830057561,-0.5612510674564725,-0.02017342483624545,-0.00558865934783227,0.06418666900505668,-0.18041660998632225,-0.026521839213895462,0.02549148694552495,0.08000227652506978,-0.03677433775224825,0.007913112986250997,-0.03341983641830421,-0.08061329515311368,0.051052084838153544,-0.09287928066436793,-0.03309502217435934,-0.02657728266489065,-0.07369677744303364,-0.01549794048902553,0.027015859281026042,0.004259269806056214,0.025673053436689162,0.07150966383470844,0.009567717149164675,-0.060106190860319236,-0.007434342876282568,0.05708679311099708,-0.027231133563499717,-0.08155990617951953,0.006676589171906345,-0.033513612174793546,-0.04617513191297228,0.02215619981949519,0.01627479285510693,-0.03493061694193673,0.009265291216415882,0.02248847859177013,-0.05232133028275605,0.038215603013873806,0.0018183811141998327,0.04536247140088499,0.03499622409899159
0.0,0.023989417369338222,0.0028474039995537463,0.0017003510717221353,-0.025264049143792384,-0.016895313040038207,0.018794874384387754,0.002814574095082886,-0.000738620238230845,0.08254512978830619,0.011184322313207368,0.023149830167456528,-0.028797745749500187,0.03827619160560959,0.020762426715493425,-0.0024792880062807035,0.00543814802270934,-0.024200404054887797,0.016233836267277653,-0.004116368102771538,0.0020503861663438497,-0.003550870568447323,-0.010773650209719638,-0.0021305932976536904,-0.007133381010816298,0.0005928514575178169,0.008956157815087172,-0.012136269694021403,-0.018111645715082805,-0.021954029531861756,-0.003606624990422744,0.0013483613971545082,-0.006782077699371753,-0.013265763208426718,-0.00930311868707443,0.01760082069137814,-0.003798224624079398,-0.011478062563386323,-0.002831134249762964,0.00022011653685268182,-0.0021190737639730484,0.0034520406497532247,-0.0004031020882481035,-0.0011886812128461795,-0.016114811200241694,0.006977762067726456,-0.002370138938080927,0.018093569436967008,-0.008767741769236096,-0.003064166411711512
0.0,0.05550164165203694,0.00604525761884305,-0.019088325418003132,0.025780841187195293,-0.015050388281015672,0.040321223905288604,-0.007637423672561765,-0.03873197432065925,0.024991602867358093,-0.020072437466898633,0.032930811358339876,-0.021314451972247246,0.05105123440638167,-0.009155424257972049,-0.010496519977566858,0.02610135972769428,0.01474961788788468,0.001570724296170682,-0.006233437652390555,0.04731319120326126,0.006683087893831222,-0.01338250840100155,-0.024647800400091773,0.01236844710500176,-0.009596449115829388,-0.01912559360880886,-0.00975277947003645,0.015988838747019514,0.000637062221747664,-0.008865312571846732,0.0015143096331026742,-0.001987322359687717,-0.03582405279420201,0.004057110198519995,-0.009676568565800391,-0.019635611051201495,-0.006223995316860134,-0.008469309751244193,-0.03912812366609384,-0.0205411385500551,0.024802342140577093,0.0034028314911369716,-0.008027589844652214,0.008797545343485416,0.023420414358675812,-0.013369543843196677,0.02697023794279237,-0.07112587157745485,-0.02565102361188605
0.0,-0.031320904916843244,0.010814252326050555,0.007350417852963588,0.012624006727964961,-0.010594764093762334,-0.07642774458152692,0.029365014267791915,0.010230980194698357,0.01595864209272392,0.0033002914493787928,-0.1353085854184594,0.4258488090219541,-0.10018816990325566,0.26709527707016595,0.017645964486057025,-0.03362479113217737,0.12176401947182823,-0.15781674959536005,-0.024763924665546902,-0.0007345820738698829,0.06755658612435819,0.1782738155731294,0.0934187537917084,-0.0452474914745156,0.04246656323446668,0.02323752477306329,-0.03293950781952562,0.04757690042186354,0.027663874225971278,0.02600069292014259,0.005252325569520111,-0.039432155315116874,-0.002961029496771933,-0.005886996952696406,-0.014327259050549743,0.07225702080756635,-0.012249992240941532,-0.03323298727547456,0.07869221078839864,0.007327129365549894,0.03533907457222139,-0.05184120933360144,-0.020968152112616836,-0.033077769456316394,-0.026467805402554407,-0.04752093896571173,-0.05638630310119305,0.04149627178397863,0.01622993207625077
0.0,-0.07692688542243815,-0.025503991418976534,0.03212533707951176,-0.09020943827565618,0.05361112944116613,-0.08975622523536848,0.00938286032966177,0.04156078038757912,-0.01800003765139278,0.01181751926130896,-0.1044145229192449,0.2304698261058537,-0.027985650575638087,0.05967663411232554,0.15264268404064774,-0.06424095379511605,0.05993945027191224,-0.11035279398117251,0.05474765948992253,-0.009109278409370621,-0.013506201293891499,0.10962499871155393,0.037399872227357474,0.006475731767577022,0.040993795711193964,-0.008378706621423579,-0.012177071212095547,0.03487340933354061,0.017346794184364626,0.016449279351902806,0.0004558911154773975,-0.06460995234843435,-0.019713009655759495,-0.014521568716831131,0.029922375257111587,0.04918330250340371,-0.026105351023943704,-0.030125709037480294,0.025636450426614218,0.0001763563642216353,9.171776613224303e-05,-0.014181404629588184,0.012977499909894675,-0.019533213989294283,0.006211740705427467,-0.00961478281064102,-0.026271993405409345,0.0323519699861627,0.019486004892234336
0.0,-0.0852573386836194,-0.046539579291419955,-0.018113471531999603,-0.01628803029146481,0.012043542286272186,-0.03520100805872063,-0.04718206484395368,-0.01763476634713079,0.030116399118523547,-0.024575718247558182,0.08124836533941432,-0.22432440272685505,0.056822256278498726,-0.12480542068000466,0.015927361376680882,0.004444991969150622,-0.03677182370293508,0.04336811688842129,-0.0024745917342903967,-0.0431928237094495,0.004972257228463096,-0.036653500174284766,-0.043149984108038886,0.02212918658594926,0.0016089120737231594,0.019592007297908727,1.6450822323460946e-05,-0.012976202473360135,-0.017873714638591637,-0.008335944183842299,-0.018159630346278932,0.015552228800815965,0.06660022849766048,-0.06385033441844025,0.04341877432349371,-0.029081217366198085,-0.0004271223063601922,-0.016673962576929432,0.041146834103902984,-0.016091072017138115,-0.01945875521313077,0.026469671692369693,-0.016915441433635207,0.011992288104933458,0.05294746757150557,0.016473679869279913,0.028559043048741958,-0.04154728305326951,-0.011608291494697666
0.0,-0.14860514778893716,-0.012966959819236816,0.019073314112778,-0.089077153615168,-0.00230691350389722,-0.08286919994259913,0.07680803087962795,0.06973693109331826,0.053133832225249006,0.16790254535565627,-0.05982903384129868,0.11122130074900749,0.35724139053419485,0.08167666654404207,0.578070849270067,-0.12008051055334443,-0.03825319128348743,-0.13507791751622464,0.08127546396787277,0.031160037304189904,-0.018137506942044464,0.07198507097941866,-0.03074834395571395,0.07308663573708216,0.009830931041071729,0.019168794006673855,-0.029492300520651073,0.015046135776478719,0.015088786292613938,0.04469192125097186,0.0009450714892980173,-0.08176774421597167,0.017579742331058728,0.030006887617683047,0.06512292256200923,0.044429239546966336,-0.04477665226803292,-0.00895358408347948,0.04680690511582783,0.0033217638159886782,-0.020217628571285215,-0.01714481168358634,0.011292113827622637,-0.042618479333977055,0.04412894772373284,0.029434869065341103,0.003987008728110222,0.05332835470865518,0.03544134164842808
0.0,0.007263753381186874,0.0028248975257321733,-0.03031324426645689,-0.012508143963557199,0.004398950400298545,-0.0005988280023600101,-0.03411939662251946,-0.017428054121357086,0.017151877529808957,-0.006329820978516918,-0.00940322763641118,-0.019163094578294054,-0.0018328219742547087,-0.028289523622452035,0.03671481256653733,0.013114717436481788,0.02196768712508243,-0.005599805413992928,-0.002355555382393897,-0.02970311500255403,-0.006833761594598837,-0.06147623575580775,-0.032209643574125875,-0.0032515638007421933,0.00764169772533559,0.005301775177799166,-0.0003678382729269758,-0.025621796552107716,-0.035898081478290135,0.0012140158104280662,0.005102490928205063,-0.017114664622910742,-0.011820498143127502,-0.009813245175625164,0.01868110590353461,-0.016888213066214033,-0.014151669413667124,-0.02210733871076588,-0.01201680401373377,-0.016063027728280405,-0.020822702414312326,0.004981360588424748,-0.0037007256335672392,0.008320684077457405,-0.029762185459755054,-0.036374559432129014,-0.017254670616689123,-0.006878140134451058,-0.02974478608020815
0.0,0.00029256399891991556,-0.001778197188120073,0.013649452674839106,0.003776383419835258,-0.0032238827378189123,0.005143376625723795,-0.011169155813103482,0.011823494861323081,-0.0018075196416163113,0.023917703386973372,0.01964165569824197,0.0033589782353956738,0.0012919929219790192,0.029119404193684598,-0.02980949215507621,-0.016608669940479825,0.002635682210579698,0.009435169425903677,-0.00906618946194856,0.04034581919398155,0.018003573046570236,0.017394179086047484,0.01868409816506577,-0.015490325150072533,0.008656678897788685,-0.007822815531386383,0.028392761856144342,-0.025963641776026957,0.039879996625542195,-0.009783771555884646,-0.008079794501357767,0.0029170527967686912,-0.024676646967096198,-0.024449373543563118,0.011020439672529832,0.04100392254907684,0.018953761147193573,-0.02227972000158256,-0.017756940525200736,-0.005045009291687026,-0.01680165484595719,0.02145759867456914,-0.012602022511032271,0.023829568089644412,-0.02717393006104115,-0.028083763099703195,0.006016341919245917,0.0035536574148037543,-0.03156747257910085
0.0,-0.0030063483652567895,-0.025800048708068464,-0.022767115928815543,-0.09681385533705121,-0.009669424805495857,-0.07473663031425153,-0.010352781550646051,-0.025275254811563667,0.06439435214694561,-0.023717142601123495,0.040903304733412124,-0.06721361140269673,-0.027432469880514048,-0.019480401087269325,-0.1271722929818725,-0.0671430914655986,-0.23319039350623025,0.3683993030113391,0.13199648954631912,0.16487386721332992,-0.05919791855968964,0.07572673546718163,0.06741138302080081,-0.03698688175276955,0.05179124895664926,0.002017983899661684,-0.036900501528664455,-0.01095099499162621,-0.016469773097787858,-0.010125235886648463,0.011631713782037627,0.032313668071311814,-0.03803671999249334,0.026383805848175033,-0.026203795476251554,0.028559072493912922,0.049037335141216144,0.06701134370958972,-0.021184487013160207,0.03420555021604567,0.022805704791058118,0.04135650284088505,0.0028004618935526635,0.007735324859639304,0.08809152812463572,0.030926040786026718,0.02118385335793129,-0.03756100583705413,0.013811276722242381
0.0,0.025655997539270493,-0.022149635063663832,-0.0019281925561576137,0.03240556409058516,0.006284767163290452,-0.022737828157198717,-0.02123764566308302,-0.02309141783693752,0.09533808086816552,-0.033111601259391894,0.012327350393355696,0.030607267608737693,-0.09849201019880867,-0.024597236257880954,-0.09706569743825988,-0.054690536302694055,-0.11767334950199357,0.2030832303145919,0.08744240209244823,-0.03343325160772828,-0.007489232657131839,0.20303976276542723,0.06422406733586536,-0.03592394768002908,-0.010137118692479343,-0.023340058906569167,-0.013627711594266845,0.012736399141927757,0.03225161285506084,-0.026199318241688276,0.0014415943198350753,0.010744310142804902,-0.03287022638111398,-0.03903250701617312,-0.01887654497272065,0.031922571727472204,0.04240432370898221,0.03480724497759291,0.05293491563017912,0.02203609923899193,0.02187178271167424,-0.01626509546355469,0.013168186044098928,-0.01182120787574159,0.0180538272557243,0.024297185245033836,0.03362818662200167,-0.03133503647406241,0.0029053084524459432
0.0,0.011487715190605827,0.02871287327020045,-0.011159754173726819,0.05960325992050302,-0.01580715571056553,0.018744764017314675,0.040155438047522835,0.014331553816017003,0.01572932304860035,0.024664144076087042,-0.013825453861104264,0.05139636567938194,-0.011337024346897926,0.05087465921861824,0.024980725632654043,-0.0036528923019827674,-0.049472397318019445,0.06126956145724171,-0.10575294673966329,-0.018086862404246673,0.0797485945934522,0.05450339683338851,0.1094127836615357,-0.07746356744495547,-0.020809561968874284,0.0429891928244363,-0.019096410344393376,0.016160521772487193,-0.00842594736686051,0.008924367133600841,-0.02624784295005712,-0.05757922959772938,0.06086019714255841,-0.04443274103401131,0.04922878353221709,0.0321904304818639,0.015920607545000326,-0.006522245170809507,0.027371669011740752,-0.021412197236202364,0.00494672228918152,-0.01038760463512758,0.009586922845270266,-0.020884738945238176,-0.0035667230017836665,0.015074188740557435,-0.007243148154655188,0.02264651163754839,0.022772309053589315
0.0,-0.028791237566961624,0.021612602160534636,0.011366634068476912,0.04700164781074829,-0.0030210297687631106,0.017230699715437864,0.0280205101655946,-0.025246862861109137,-0.001760194864240859,-0.01523019377943332,-0.014816350649722974,0.1779646589575578,-0.10507156896155208,0.06265350187619,-0.03382538291554054,-0.037879687918482674,-0.023273716494188468,0.08298468960132842,-0.097547094023764,-0.1876637704997599,0.03211439022103507,0.30290903529678387,0.12202961588619866,-0.05692578758686863,0.009959594022933812,-0.07661913134976488,-0.05746956031468813,0.06377309379208386,-0.00023024729329646775,0.07457304594453594,-0.02079638154679728,-0.07648872662727427,0.03622430660150985,-0.058876794921804664,0.07696300334752489,0.10580419753425654,0.05214137803875048,0.021777264572858498,0.055763143437556985,-0.04436802293265943,0.060556678820988884,-0.040908737936606994,-0.012511570525065595,-0.021894411425519723,-0.030167014637667744,0.006802510783271455,0.013959215657634168,0.01497797439863304,0.02104296448225105
0.0,0.034034118453392916,-0.021723451101079493,0.02823355465159763,0.023452526733330533,0.027884863553273014,0.007238581561602496,0.002630211217550231,-0.004612919103637881,0.06586003979445969,0.01016594196140149,0.009993277660158279,-0.0047497691781313925,-0.012141519984187393,0.028970981909956072,0.013145752074794086,0.03320683002159622,-0.0570155047594323,0.12287523314241983,-0.1967431425264435,0.07128870858308514,0.11347133148501562,-0.21506564395519193,0.21845441184774578,0.06276502714652073,0.2234983549964323,0.19626568096122174,-0.01564331205813027,-0.0017105453128313168,0.0010377096480004096,-0.017705760522746715,-0.02844918521012065,-0.010319039750940786,0.0710103052757254,-0.09099038913190627,0.02993844701395344,0.019088021906841945,-0.008762657186405906,-0.033803091903130356,0.0704232714587471,0.016690287841765853,-0.02190052732373785,0.024692050316088704,0.023831812554952026,0.0008329650254262696,0.06787652633156174,-0.0024197246666024254,-0.00020698846261174485,-0.012973713248934713,0.0020900501889411756
0.0,-0.035002618162767396,-0.0032058454902205327,-0.016119849535814145,-0.0067900938383539415,-0.013422768677057884,-0.017549809869557006,-0.019891909111427932,-8.474631145210112e-05,-0.03680183680987949,-0.01999951285947714,-0.003904618106150481,0.01110874487542273,-0.012085037682715738,1.3444972504964605e-05,-0.0377970933379036,-0.02079481199177315,0.00602920100913431,-0.015257438692557806,0.05294027110566252,0.05907400734815222,-0.009331301771638502,0.13863932797463274,-0.02087725562729726,-0.2922264414052864,-0.3822666223116644,-0.07967961711781969,0.03581412880881931,0.013780816163323288,-0.02534443639425086,0.018610949955519138,0.007946283235313338,0.004153359602602818,-0.016323977600762353,0.00278342768428008,0.005017198551182949,0.005488495831337616,0.0018453736611614684,0.001937436501335823,-0.03258933471137705,-0.008193879411003784,0.020594232751184348,-0.008234008654712067,-0.007697851994312562,0.013016089667924112,-0.04318805918514316,0.0005156841363170261,0.0017182270180346134,-0.006379008122531956,-0.007761013434704687
0.0,0.0944569919682119,0.07123275228535836,-0.004910017803700396,0.04789326270644137,-0.042085260520218506,0.053022152488745374,0.012271744067957202,-0.005165331851045352,-0.021282499029296614,-0.021835328971410103,-0.0027308337873790884,0.010043971054235596,-0.043711456602345475,-0.021576985706448174,-0.06304524000552901,-0.0310582842288615,0.01445417835610691,-0.015917174392544572,0.14292746224185127,-0.019506529139523405,-0.041973251525931975,0.192184062684461,-0.11830487857472789,-0.1197082224491835,-0.2108759358440313,-0.17139753923461398,0.0038974780694890033,0.013176205887380095,-0.016458597758645364,0.006709068238120614,0.022573064413269665,0.019789214606100114,-0.08248937813120105,0.059301814549968745,-0.033054167059534734,-0.0025271797908882096,0.005355459027331052,0.02096963289735778,-0.08331060743217444,0.027004754952628905,0.010295484360699885,-0.01793032340488006,-0.008202850024849415,0.007467610044409551,-0.024958586652713586,-0.011956197166375627,0.0023804854709908656,-0.009923019072804325,0.0013468695744902528
0.0,-0.034376183312142865,-0.02528044383686722,0.046863295765188356,-0.0035917738323468142,0.015666987960463688,-0.006867306286802873,0.04863136959783732,0.007507287692012878,-0.020486417982688583,-0.0018044300119657256,-0.007119236996424593,0.0013535834074863912,-0.015590504002233344,0.03792591259046019,-0.0984497392610069,-0.03971354716450592,0.007694577991376407,-0.04968830417179197,-0.0004546410226487199,0.02048132850148663,0.011245913068693823,0.02535705477370955,0.012193958861746014,-0.03865064335808274,-0.021092044118773634,-0.017435664560461243,-0.07338321911334623,0.01682551197803959,-0.20064014670874414,0.020540758115228038,0.02300678588206276,-0.06982507133049312,-0.04328341221850314,-0.016055408019352107,-0.0010089979816155187,0.03295371160792727,0.022568162143618536,-0.012539264200628081,0.028189917974483943,-0.019777638889521637,0.032212233183740696,-0.0013756108976512886,-0.02735321855745079,0.006064262867947586,0.01240249768561692,-0.05594326593539071,-0.0182327133084429,-0.005242647867342382,0.03232961703553112
0.0,-0.002166076130806998,-0.009917979108200596,0.024320786081898062,0.008546469023917539,-0.024053139648958735,0.009996033208839556,0.0030318777928768723,0.003672700606612182,-0.01992257943104817,0.01214570155843949,-0.007378859884979576,-0.0034460698233576476,0.0031532646541656394,0.03503855032977649,-0.04334263536202267,0.018348427913511114,-0.01931558890374954,-0.03597310978258317,-0.05811290108803718,0.0022694619356916274,0.010949320850120924,-0.020729659858600948,0.02901299398137731,-0.005473149789302744,-0.05390322765965776,0.055896235142891534,-0.041293137645167566,0.02389514296228995,-0.1571352921679257,0.03148574352845332,-0.0013928339100189055,-0.05861901480842703,0.030289580119081602,-0.04393568354211313,0.034670188814798775,0.021698120371880746,0.013382338770484052,0.01781317669134503,0.028225500469271053,-0.03185663482564407,0.02494980728607461,0.01421388513876507,-0.010733538363007965,-0.01459914897564174,0.020900995511122202,-0.006704035077610925,-0.0058126272522667725,0.01758904992161433,0.023977968624682246
0.0,-0.02746735202319751,6.589265291996134e-05,-0.007908419802249034,-0.024463873032456944,0.02998126436250927,-0.023366137048634758,-0.0013714041274835056,0.012914225331902104,0.007475526809372839,-0.010177902473877539,-0.012990979327520592,0.03255673888975854,0.006714879689579865,0.007214262138328986,0.004519244825556297,0.012376965802006331,0.0354904921734994,-0.01578864246858903,0.010785194949559509,0.038959931635077605,0.04090528669865033,-0.013229674572512383,0.03340687717755102,-0.06678629289621085,-0.0020978952101780657,0.016620839034044477,-0.008583765330131015,0.02321520405045579,0.03358360401500026,-0.019529602877052143,-0.0150756075603984,0.016263189378691895,0.09679691832837359,0.01880359836771109,0.014911266747850451,-0.010502357363027527,-0.01834331478437559,-0.04582471589204192,0.0348165587212532,0.004638601592387509,-0.016963593010982016,0.003410582339614333,0.008376125596711853,-0.008558393493097437,0.029161360487116945,-0.014042609839106601,-0.017468614502922634,0.0015636037426489178,0.017819499703209944
0.0,0.017992262039792106,0.0205009242408144,0.003225948923668721,0.012966555296999638,-0.006376701804648086,0.0171781495199701,-0.00023508901806003105,0.03343510484362388,0.0004997778586791709,0.01536001564797559,-0.003558471995484447,0.02407572171174466,-0.0021186915603509026,0.008827884995869688,0.009934878074886376,0.01836138595244848,0.0056053244848221955,-0.027703996157858984,0.018312964306957433,-0.012019565462290655,-0.019735142809268632,0.000879212603407197,-0.014755156996141968,0.03411204259625076,0.02215914220978886,-0.023925690144310965,-0.04748639291148139,-0.013451732628739553,-0.050953970194394176,0.02475951439783045,0.007204481112177235,0.021000311619225474,0.051890272242838174,0.08293353477093379,-0.041619740437054374,-0.06386443202307011,0.029828210634487606,0.08030892526646627,0.018290597237615433,0.03264040221882446,0.03208996224722289,-0.02089995618391242,0.00856314538416563,-0.026171784543932614,0.0369597140777551,0.010534258647380772,-0.024138094579907423,0.04136163330241438,0.020363932685181677
0.0,-0.03932685214207245,-0.02381889777206786,0.035074501034498,-0.0058147102794391375,-0.018022693769452584,0.0038969614287079814,0.03289485957545233,0.012367655390831206,-0.06364790151657662,0.0034425592706464176,-0.03883596228001655,0.0005469434736720346,-0.011523082551432947,0.03457927014858608,-0.019472440783036282,-0.037151455896117784,-0.07370144403541638,0.021981912053536636,0.0012848205020117747,0.01024989910323091,-0.009867482880783625,0.039863061370737994,0.02446089520077643,-0.03398143026461748,0.00802146248837388,-0.04802104794036351,-0.12721193031216027,0.08989546038474658,-0.36276387223015705,0.14169048110959423,0.032907755528682754,-0.15105968994008503,-0.0762412604839277,-0.07093906855986298,0.05050349368797367,0.02644781592328124,0.05238065370206318,0.012414221145462737,-0.039275064458541,-0.0723292672483023,0.060381747312911946,-0.0005822012950824166,-0.022263535621060992,-0.0028823046166949993,-0.015059127823376544,-0.03957693692768704,-0.025947972646899915,0.02970360102997419,0.056641431400235684
0.0,0.024739622145607824,-0.025220363645103012,0.046610640868073934,-0.01688913175184079,0.03863668924512258,-0.0034887454332966665,0.0017929965020235727,-0.004436194216369975,-0.04612977669285432,0.0027562225797367946,-0.01173203980929213,0.041070083739371634,-0.01115115760078719,-0.008348532553393314,0.0016784015005177982,-0.029519138522656387,-0.017923400628156273,0.026153880808445877,0.030227952425089574,-0.04841228249247529,0.025719949682111706,0.047839532725371975,0.019248749126804604,-0.0170355496916705,0.00673933679122256,0.07005577280721817,0.028084445886423823,0.005315445799158333,-0.016974938453159862,-0.14153799185186144,0.005585803497923454,-0.07153568815570045,-0.09228328943085343,-0.058415384616368825,0.012449005625327534,0.037336922098748566,-0.05662316898474201,-0.04868666736340925,0.06859900101483551,0.039168445702239846,-0.03393077260763496,0.0033914562065634037,0.022166138985216848,-0.030349671038065212,0.06469827474805229,0.00013638733168617887,0.0017628132060783363,0.011711087687506174,0.016932707704680777
0.0,0.04201098880449678,0.010292089125511468,0.022657570802998895,0.04422001802701577,0.04269605166031826,-0.0018678264733961955,0.01638753043710806,-0.029815023002743444,0.034566412033897716,0.011669693544430966,-0.002719073936198577,0.036164645178000575,0.008053092806473604,0.010840404814777865,-0.025671196638881875,0.021233093100259674,0.015652280581993763,-0.0009298184695553392,0.03232211768998087,-0.03206205922746416,-0.03099377656639193,-0.002186092338505705,-0.044652668042958824,0.004695572461489722,0.019073189951540635,-0.010218374595256768,-0.03682226885385356,0.010493424253030204,-0.09497471398911,-0.14554921445160024,0.06675117629739301,0.01891690987787021,-0.12799804770966833,0.18922664743477313,-0.13447391076564416,0.02223354414408286,-0.07351935692505525,-0.027381297615624047,0.06430778589016703,0.11630661315203646,0.03285588557046287,-0.02459939855041336,-0.004464800668360121,0.0019812234058924926,0.027269362848517355,-0.037245716689065136,-0.004990881439840422,0.003293334228805804,0.007962322135342766
0.0,0.0631122781345591,0.007628168285859595,0.01800940389118571,0.04645602004374615,0.050890578762155414,0.026052132806974108,0.0252048108297698,0.016856061471457868,-0.02366293362163695,0.015671663304340992,-0.01923596163701464,0.020200397048509046,0.008289635579757449,0.0041203097729180516,0.027112540154200393,-0.002841541629088961,0.007004558691412634,-0.025822006016790883,0.048030661524168815,-0.042566054081130435,-0.012336447578343127,0.060396649589380964,-0.04136040147680842,0.036064171046328,0.0006380596844481306,-0.03499289306978328,0.0014940033711595072,0.016483484414199303,0.001758782891755769,-0.0745324766189423,0.006884023694553037,-0.06104118407372153,-0.024543830417860398,0.06810748604113269,-0.035337794927732195,0.010314075276586563,0.01861468060037254,-0.027419266105769856,-0.005167760462319694,-0.027767878577436622,-0.0023607208891491304,-0.010412250688815414,0.01753178642339174,-0.018562597546677235,-0.028206703091049924,-0.009540523607724172,-0.02337419534559489,0.033137866330817924,0.02015333168733036
0.0,0.004110590213884411,-0.01899726624903786,0.037474812804249504,0.018653430997948188,0.010981588927548204,-0.003945720046384059,0.0028276951498595712,-0.011632613137041042,0.013838535395739945,0.009365279510184172,0.027074256257391405,-0.0065843676562416945,0.012630035769682735,0.014589980517367707,-0.001663616954283906,0.007213046069741664,-0.013016987980428203,0.024177805626471757,-0.041101104241639104,-0.006862932494716905,-0.023940732513537934,0.009781136819237668,0.015937860142345203,-0.005226000980833716,0.023245071630443495,0.01918852908427231,0.07708667212629484,-0.002416704771251306,0.09767386448911354,-0.11394098240260211,0.039481325358833634,-0.026969151538619444,-0.2033583260483852,-0.03471803698304693,-0.050555140974869406,-0.021994271331225532,-0.05566109746742492,-0.02353563091522884,0.03396258121774079,0.03938671501942028,0.026513800502008817,-0.024112455661514348,0.01812024498350956,0.005443088994141084,0.0168506452488167,0.04909391540566497,0.03659753673954696,-0.03295788639670454,-0.013113061478323211
0.0,-0.0025967706598106887,0.0019465472518267082,0.012305943752757939,0.025007404299697097,0.036629416031326995,-0.010497052669934493,0.048332825816014405,-0.008859990127583118,-0.028170014960661394,0.0118332889392637,-0.01372283487124852,0.04116949724970996,0.022809771940950897,0.012666602544533168,0.02117883803515478,-0.004015100895190666,0.00536402564394533,-0.041860665546988564,-0.006933311697941083,-0.03749308311868067,0.005689351476811047,-0.024794579554191083,0.00728733379838244,-0.001615534645552859,-0.0034947733462259906,0.047120054066053435,-0.07035484591633952,0.01818840957250552,-0.12741841817723176,-0.06431059952320746,0.01562652725855958,-0.06006522180484776,0.047276210194291714,0.08462922592136392,-0.004416753002516504,0.067508923890342,-0.030749091385229726,-0.09425012437177457,0.07499661047056279,-0.01897094283276766,-0.003183916083868764,0.025955254675921413,-0.02069030396756349,-0.013881953214755605,-0.03383804380058582,-0.05924766076035005,-0.01643505041373612,0.03755599102653456,0.010848142966759122
0.0,-0.010485012010199819,0.0008797893104610789,0.051702768201669566,0.03927242550670068,-0.012565226587155299,0.027604150171944578,0.051365520355226915,-0.015240040502558665,-0.05047555992458926,-0.02062044091807132,-0.018526508061406703,0.00627980529545543,-0.00045041652350232074,0.03970542352752743,0.003134156159935036,0.02136514327523611,0.0035598189236598857,-0.03123818599651379,-0.02519332479759248,0.023811369779962125,0.021561546447629365,0.019014187177964454,-0.039803886716376934,0.03343134454077005,-0.03130213002894142,-0.03802909414259984,-0.0017883118409048597,0.052096438256147355,-0.041730131610811884,0.09430650358814929,0.04631854104284318,0.005888143407741785,-0.2493785984371488,-0.00486187529573519,-0.023230926429665382,0.1325965263366849,-0.13144494857604955,-0.14378780704515065,-0.09625859507237187,0.06930156151847224,0.031889903146443,-0.06454766468084469,-0.029077376135330128,-0.02480925291807882,-0.09653495660478377,-0.07234051637669449,-0.0034234726577082207,-0.020052824715675065,0.002918358710304556
0.0,-0.019206579526040903,-0.024597210869479268,0.007987187778359689,-0.03568646331884943,-0.021928642690947357,-0.022753641897078104,0.020460233184071627,-0.03427900876600212,0.0029018382141106584,-0.02585674184684823,-0.008455580569837013,0.022345202751060354,0.011229960039071216,0.00614830985778625,-0.03008383201699229,0.006243032484900475,0.03343571002003326,-0.059240920239626495,-0.03781420248563427,0.0021112628262843235,0.021999800592587306,0.03007194234415364,0.07970760717152985,-0.014735634449305117,0.02384417200818805,0.09241513600347648,-0.0029418155542485455,0.03136239462290554,0.01722028145288213,-0.0018416984788530853,-0.040486215231795165,-0.12588762201512424,0.10318590845056944,-0.18094258811141634,0.05656955334951354,-0.15084038974030797,0.07511435626094377,0.11586247817210282,0.12511475001408956,-0.17628279764190022,0.10312381753603923,-0.1271452143092826,0.004053122587991526,-0.03398008423722665,-0.1564137444935775,-0.005618311693657076,0.022558954689062355,-0.029705605409166922,-0.0008109733851186224
0.0,0.017048589622239603,0.00804669354326488,-0.014486211900774905,0.07583839280519518,0.015907414876023127,0.03515224608815658,0.009396045709202985,0.01406107194352414,0.017708783965103572,0.010396105549165417,-0.009148416239388875,0.009044159371179996,0.008637362963353459,0.017437719623915514,0.012382929484473304,-0.007892492116182743,0.0019156025280257988,1.136223479745571e-05,0.06288166685596176,0.008165879808200936,-0.05642971584374599,-0.05283951217209668,0.021078675674526495,0.013927780264710388,0.03492113643026781,0.02363984696870407,0.027381170798389667,-0.0002165185837608112,0.02487382492706122,-0.11731814560445973,0.10305343253332068,-0.04636240465939834,-0.013850134050713326,0.07768064545612517,-0.07076916210585173,-0.03485192621624919,0.03408373912059194,-0.03353786153151795,0.10379665003805129,-0.07256358452483129,-0.013510033425873251,0.03684787939530052,0.022463507627487996,0.0010354081237879437,0.014363368305674503,-0.0016109921462842416,-0.023403280361850475,0.014109275164076522,0.00857719425354609
0.0,-0.03999577058644844,-0.017024986149560682,-0.009290972104774756,-0.08304418037172537,0.0027746875824821286,-0.06365977968637031,-0.032511270191031595,0.01581191236037763,0.010131712446123826,0.03350990294583886,0.0019229662600836798,0.07429069376786514,-0.02156078730705858,0.014744620175830874,0.018748603097065223,-0.007140106320039775,-0.015730841095011126,0.004407032023853413,-0.0071465993646161125,0.004095545667289098,0.022272683813854968,0.009870845065371569,0.06516103959482956,-0.020506280977336654,0.016313896900088082,0.05180245315901998,-0.024729750577173797,-0.045629516823083256,0.011759739539426243,0.025142362238328757,-0.02416513545315346,0.10647377365692358,0.17232533500639355,-0.04902574978094044,-0.030808442498429265,-0.15571034397122088,0.07032860926139321,0.2114739249755002,0.21678469815735765,0.0633472052483553,0.06066152895156817,-0.09885164808101404,0.001491090883588741,-0.012328786897007657,0.045676327668453066,0.09061821562676821,0.02309947822887995,0.06542494248715049,0.011134896223533149
0.0,0.024060277023981762,0.023593719654203142,-0.01931292285648515,0.02052639964627948,-0.02460091496009116,0.03204401586438436,-0.017067407838916193,-0.005967785053346009,0.03109440185684674,0.0007079461955229471,0.022063328853473046,-0.01859042707389996,0.008090896090809846,-0.009190369791605917,-0.03081016035722227,-0.007349904825658764,-0.005050276203417342,0.019977249663318607,0.04613056849852364,0.011023364690377287,-0.02361692819280547,0.032444898579522874,-0.007393779293041371,-0.0104483543236851,0.020989416296442596,-0.02845059380328206,0.013320573209317729,0.005749278473670884,0.042591314365040565,-0.02185809936190267,-0.0025526902130130406,-0.03560549667644354,0.01621713829742993,0.010364730263598377,-0.010050990183515877,-0.061935500885906256,0.12697765454866222,0.1234225584933286,-0.05122232950169821,-0.09669387543832587,0.05342990506738716,-0.03238542319085794,0.007236971754552472,0.03421294557588983,-0.11095207576495564,0.06424726100186676,0.07417781176085718,-0.0287108931956594,-0.041029049702828495
0.0,-0.05402302069172838,-0.025848752039998965,-0.011137457657749966,-0.11815229016331975,-0.03800373048456565,-0.06673582897351507,-0.03244636255875362,-0.027775504364416854,-0.0509557740687658,-0.05917398671122064,-7.777596673713095e-05,-0.021665973923319128,-0.04007876040352512,-0.06742528409380345,-0.06894449567334297,0.012106300357100138,0.024153498291336523,-0.01383442862960526,0.018628402885002397,-0.016759039258617457,-0.005582121001274628,0.004635462119369704,0.018709729101309157,-0.016729116528889483,-0.04428027853242344,0.04813598906111799,0.015912162631342038,0.03485964439289017,-0.01036311405445485,0.029410880836798495,-0.014464848857939737,-0.06889501167818318,0.08558203212538763,-0.166311112076962,0.12066493381799373,0.024957122648106553,-0.0036049780053965053,-0.07497410428066568,0.013285916606456779,-0.11224336223193596,-0.016575734968525768,0.04699012982915983,-0.01114636895806367,-0.0027971582760391643,0.014065061437408667,-0.012586991261779628,0.014134331650739634,-0.0475101447304988,-0.006615086574372799
0.0,0.01089242776838252,0.013159431332003865,-0.03650580384453515,-0.0031419429480096183,0.03691777039863599,0.005060845865239898,-0.01223721280930426,0.011449488896918011,0.01535579770534535,0.0014987099857361518,0.0014141931125625981,-0.01849317110911846,-0.0017869603702179088,-0.017474613585110686,-0.0057835278507681505,0.0008082900413341618,-0.0057344559693174105,0.004586604319647375,0.03874455035636472,0.004022188938697029,-0.012318698685128953,-0.005279638033334913,-0.006541065465741476,-0.003907571437640445,0.008943715031814825,0.009413287055039975,0.02600673841095665,-0.009772085310401937,0.03265623455658232,-0.07148571410178127,-0.004562317592424649,-0.026659063170630888,0.055488490153847346,0.03987896860519321,0.0025103067182076374,-0.08985515543689622,0.007205284787176381,0.03235506722750336,-0.02676953696475212,-0.0017635712483456887,-0.06938763268626108,0.09363388533090808,0.01980454971418301,-0.014187403065942966,0.17467249747664979,0.0010211833005114807,-0.04378715507705149,-0.00932818114613657,0.043401592279892764
0.0,-0.05305471807350537,0.002604156356547981,0.0558640024920496,-0.055987964593942036,-0.007307479711211116,-0.009985023843289894,0.0042834103040064655,0.00705113354999671,-0.07913365674665657,-0.0027595164205066617,-0.04433099747814312,-0.0001682233419074199,0.022261205609920495,-0.007531755370832165,0.012265216589174207,-0.029682068909714306,0.03497581857504876,-0.021106250926631185,-0.011257560385742386,-0.01962376346356655,0.031149118470377043,-0.021786100674747785,0.002186695459175931,-0.06057550837366846,0.01711690243679511,0.04928678202465349,-0.007088530164000347,0.0508464784449963,-0.03401861823568381,0.032152180491122305,-0.01332382607484581,-0.13080960644757245,-0.0018286001128019864,-0.1080479121218733,0.1340653709910457,0.24772936698855735,0.06538998886559251,-0.1839521971983192,0.026648352277749716,-0.19744609691755477,0.03568247277407417,-0.08001067139270249,-0.05162006368569784,0.002158098322257194,-0.3735074801629421,-0.06387275540890525,-0.004969362253551148,0.038902264618271815,-0.06636059872854422
0.0,0.02264640856350829,-0.005508264509134923,-0.02441405678586146,0.0150897448046207,0.00350941063677891,0.018311244859908784,-0.017644890854020264,-0.00635602224418565,0.05578184543390605,-0.0028609741893207002,0.060949027486954084,-0.07953114107507828,0.015146215615691041,-0.045297983955072806,-0.036606639015725057,0.0051700813049637894,-0.03323005006582625,0.053622574743780946,0.02640898507678697,0.02845193991224211,0.0027180671482672568,-0.01731565101893682,-0.015368250285887024,-0.004225243267672087,-0.015755146003521153,-0.018175050214417825,0.039073706172126195,-0.014193374050358762,0.016182041988487307,-0.010688659852898373,-0.013247561648244265,0.02133808373326044,-0.026344719863587295,-0.06683456655670024,0.03129279908757528,0.006751900020017266,0.018835793199927436,-0.015401172662294045,-0.06158100981801522,-0.026993433318319108,-0.04210536548832789,0.06956164203978488,-0.001956943203140662,0.04146448214967583,0.029642888810284103,0.12609498768357993,0.12161643787998742,-0.1003713257786678,-0.04404392977708021
0.0,0.01842018034643366,-0.008749644367579487,-0.013068631718380892,0.0279152292412585,0.008855448930091483,0.0097730024972387,-0.0219576940232381,-0.0379827948827992,0.015616123847350274,0.0037334161835672047,-0.058296340680854555,0.0031890861441220167,-0.004130734741623292,0.03517272541630314,-0.0023046845178642636,-0.007787022754464264,0.01254315867607305,-0.01249193640639922,-0.010779981008480476,0.0083588801879094,-0.010721619754633704,0.008008966143721824,-0.0016031063956771208,0.024871826602743036,0.012619952814941849,0.005947930910900941,-0.016083760145627023,0.03980844423202894,-0.06381619842822496,0.007542957165003281,0.013189654008213196,-0.02022232696233088,-0.00635063649318448,0.05167129546370198,-0.029341228148394308,-0.02789247648132506,-0.021808345595666554,0.013866202303153625,0.017487662999570382,0.03889464302637058,-0.01613788457950606,-0.007314513449566578,0.006951909204795725,-0.018765959607176304,-0.008228772682514953,-0.20030456975645478,-0.15901107974990925,0.07616410097788334,0.032259235642696074
0.0,-0.0006903544526707971,0.014362889389487857,-0.012784069003456664,-0.031583249754331404,0.003377734705908891,0.0015925356842539263,-0.006662043586602858,0.04982531604343063,0.05009129263800819,-0.02074865921761251,0.00897132969216596,-0.028765605177145645,0.02375947681633061,-0.020981353490467015,0.0062262653842003485,0.015679233944794046,-0.04242594311671819,0.031149119347153482,0.016383980635588154,-0.003664189828657126,-0.009253424770400776,-0.025516371028288652,-0.007362255948978253,-0.034152846483749645,0.02226815061592644,-0.0017636549419962168,0.007342961516137068,0.01466525523568036,-0.008346631484349885,0.0005775239102357983,0.0008218808929521583,-0.013526897451066444,-0.008890575353721033,-0.025682336441941636,0.01777135719371312,0.011459976782254772,0.006436916811500188,-0.022348356044508442,-0.01625313944868116,-0.01810109216199253,0.005184193900053895,-0.008587196949810255,0.011125014890070674,-0.006810987753887261,0.0015967830526040342,0.17964514641523344,0.10615209717222904,-0.09560904429776328,0.041300452644433404
0.0,0.016835741949270386,0.010554080532720438,-0.013078681571429229,0.015591954356755103,-0.011211967714368094,0.0011946416111215602,0.036591128671837156,-0.01637586172558376,0.0045866580002340215,-0.02038251607193867,0.009239614730281629,-0.029311190039272177,-0.003566870860382141,-0.02010995975136606,0.00020580912314101385,-0.020977966458287943,-0.020844996317504937,0.0007829237256912029,0.0029923248595351472,-0.0033755233891322495,-0.021768526395507873,-0.015790545773106665,-0.020184677355256617,0.0363954553572978,-0.019283800418126863,-0.00019018213434169177,-0.015224385275136197,-0.034327704380123746,-0.017578718627900825,0.0065610013930598714,0.007915788844431651,-0.015939681470940978,-0.02923995922629417,0.003221074494755418,-0.014264334905445973,-0.04309861919233255,-0.04560212657591499,-0.012124418853073441,-0.04447991377051726,0.002840207245626771,-0.028634092326555883,0.038790664134721875,-0.011870376483983822,-0.0021902910657362056,-0.026077957803053546,-0.0396388048951732,-0.007623211988073691,-0.037541760717684496,-0.015337724703280903
0.0,0.015984259065291988,-0.0022866355148758073,-0.00936377294152145,0.018014112810832022,0.005641548882686701,0.014351269972560126,-0.01099865500299004,0.005623212506767871,0.02035574620595598,-0.000473562579219506,-0.014325055368274588,0.0015144245640924777,0.01296054311642582,0.02944558394531003,-0.01973237392753794,0.02055408886656537,0.0027047417999876487,-0.023064681176565828,-0.0012401837720197749,0.014544577024291998,-0.012209832657014358,0.02725373906650524,0.0026811780007122412,0.023979361911729568,-0.006089350286110046,-0.007871325113422065,-0.01696437025525584,0.018327682202967353,0.004649750914059324,0.003970312730160643,0.00010358964161018351,-0.011490083501047983,-0.04134072710995784,0.007897216023569699,-0.0036375450907852112,-0.00796417668639133,-0.005224831988392142,-0.020880514380770876,-0.034864214246715174,0.013872236212006648,0.024360992697563852,-0.011570466816463969,0.02301227388108503,-0.04267550411445381,0.031186008878038,-0.029493724124191045,-0.03388597917679984,0.00030325725873378914,-0.0503354537151298
0.0,0.006029252720063278,0.0061715044398808466,-0.011103050014054957,0.0011466036650891497,-0.011961355544446734,0.005729632007272039,-0.00022865324034322324,-0.008060368411059914,0.00920898934207117,-0.0009682644249119247,-0.0011431401562653667,-0.0375733679283049,0.0078409260301596,-0.007090973543951484,-0.014600906266997287,-0.03250188042553598,-0.000984039197058967,0.0014516956376534307,-0.010474199098691503,-0.005933635359705603,-0.018797789856117193,-0.00785005594228599,-0.01959651986759383,0.027047645885430675,-0.009845182863826556,0.004389698787089277,0.02915732840723015,-0.047399667792620385,0.055881491538291556,-0.01543958226243413,-0.009662617677236108,0.03333644986731153,0.028738232937576557,0.010524703255127582,-0.026231007632195654,-0.00985974388408174,-0.008000474880514644,0.03414030369183617,0.0003151765774595409,0.01890891022074146,-0.05016155753382395,0.027238338857324518,-0.010127639666360875,0.010415707994027657,-0.026520257732822485,0.006424310636382596,-0.02000752701675713,-0.01592565533457971,0.013326873623785615
0.0,0.020125534049791394,-0.006875218362897342,0.022460452516022526,0.021580088081928288,0.008690391208956523,0.013607875654680635,-0.002472021951271874,-0.013271426974548578,-0.026606118673251265,0.007222334970988452,-0.04222466447471665,0.05605834325699107,-0.03247551324449187,0.03460853760258628,-0.012378004735280076,0.014893894509242441,0.02745017948514986,0.01711303437398524,0.02561901231711361,0.029615390547440876,0.04172339222441382,0.01879496304961458,-0.006714577694369374,-0.043906448042690144,-0.008371701938070483,-0.039686511957424384,-0.031685416796616385,0.061193234186604155,-0.040022346550020724,0.038731008426744096,0.002571648799580822,-0.03453722012226764,-0.024529114473956885,-0.016809638129928625,-0.002134970476569864,0.052882552397506596,0.0698536218614928,0.03507399537591057,-0.01674654788187701,-0.06010733621445556,0.07727043694140566,-0.04833395919125748,-0.011458773374371357,0.023220622759635937,-0.008272468996423171,-0.04564671746382316,-0.019110074011319964,0.029448146111156016,0.028256178950980523
