-1.0,-7.4531271487113455e-06,1.3815510670693162e-05,-4.804381479130889e-08,-1.0530598061872657e-06,-3.5449697284952485e-06,-1.151762562822613e-06,-8.30112252769211e-06,1.6456282131254394e-06,-3.973140352410286e-07,1.9357595422948627e-07,-3.787856614704163e-06,1.9345690408503813e-06,-5.485070904050974e-06,-1.6202703691108735e-05,7.417664321386839e-07,1.610359628770341e-06,-2.4753249352361436e-06,1.0132306711863158e-06,-4.749896682765134e-06,3.121449099222544e-06,-2.2600945144128637e-06,1.0779966236118246e-08,2.8864119051304874e-06,-6.601423054057999e-06,-5.27115884544321e-06,-1.5072308283671336e-07,5.969565057598811e-07,7.013068437959992e-06,-6.039107693026898e-06,3.4227411186888776e-06,1.9307581999548093e-07,4.281909763680322e-06,-1.946617805628583e-06,-4.621052760631494e-06,-4.6956223730062337e-07,7.800746429901251e-07,-3.972474225726986e-06,-6.759197412211502e-06,-2.5146685619292032e-06,6.005406368632199e-06,-3.6813807126896415e-07,-5.363817748113512e-06,-5.01063462435414e-08,-7.147256475602526e-06,2.7259429695782062e-06,2.342375761757653e-06,-4.527357863658217e-06,-3.335499076568975e-07,-2.29613675154277e-06
0.0,-0.9999849967097051,-1.5135574313731876e-05,2.176903894547343e-06,4.811839205760535e-07,1.8805916929797222e-07,1.653238013488392e-06,2.005603692532528e-06,2.569082645776221e-07,-7.728260098051486e-06,-6.7908882121699915e-06,7.982649528405557e-07,1.0815466527907349e-06,1.2773108380668518e-06,1.0675637426244675e-05,9.601924267752933e-07,9.5784642614066e-07,-3.0840943725632157e-06,-5.794640897286825e-06,3.192388576257323e-06,-5.650939316281895e-06,2.8029046846788723e-06,-3.6133565946407597e-07,2.7633117400126107e-06,4.4260414360030345e-06,6.69822547735856e-07,-1.9711080842944754e-06,1.4040389083360245e-06,5.538062725451412e-07,3.688912162632436e-06,1.3366317321875189e-06,1.5266952603020565e-06,-1.5908240661866127e-06,5.112917891842695e-06,-8.789576072471244e-07,8.663070381904763e-06,-6.450728502798397e-06,-1.6423079075953236e-05,-7.751291882952047e-06,-6.644320858957956e-06,-4.72833429919262e-06,-1.689856832977876e-06,-7.675429667964228e-06,1.857632498618374e-06,3.1054225717987315e-06,-2.0619241062916683e-06,-4.1748329338370787e-07,-9.533319952921597e-09,2.7162882562493567e-06,-5.709443408230953e-07
0.0,-1.6719747453545808e-05,-0.9999704416193399,6.439131091105537e-08,-3.288406536688355e-06,1.4943456865228253e-06,-2.308835384280035e-06,4.27082738109176e-06,-5.98090965723727e-07,1.290550944885249e-06,9.939639926270796e-07,-6.834408606216435e-06,5.04188678937167e-06,-1.3428466029039034e-05,-2.3476997461997842e-05,-4.1864991538341515e-06,4.328553372838805e-06,6.9047234688269635e-06,1.0013061510209704e-05,1.7882422469581364e-06,1.536842934471982e-06,-1.7603404077565762e-06,3.232412597724354e-06,4.817238345230609e-07,-1.0887406680525965e-05,-1.409001014052931e-05,9.691947213793706e-07,1.2549960135062848e-08,7.359466080650833e-06,1.0522914186919504e-06,-3.929264650034534e-06,1.3618994121118715e-06,-3.93703907478098e-06,-3.9856821879280945e-06,-9.994942602117643e-06,-5.779393217821649e-06,6.572996348462737e-06,-1.9026374360725573e-06,5.700553068046348e-06,-9.535218412530543e-06,1.015371652294122e-05,-4.15519423740917e-06,2.549655314613521e-07,-2.8268667592496666e-07,2.4756275469386843e-06,3.7127365111943848e-06,-4.8793727605210385e-06,-6.476570181680578e-07,-7.394154475546238e-06,-1.966839011319248e-06
0.0,4.821900021380972e-06,-1.6178653619458976e-06,-0.9999869834231264,-5.785186585759997e-06,-3.4370162745770508e-06,-5.427611970340069e-07,1.129684784036738e-06,1.259391113748119e-06,5.349763639961096e-06,-2.974743969513798e-06,3.5281981756435843e-06,-1.2482658009506524e-06,2.7350444769732875e-06,1.187136819424895e-05,1.1260508273451733e-06,3.718219731077065e-07,6.377082438131352e-07,1.6776674647627174e-06,-3.5937455319109057e-06,-5.679698083761638e-06,5.34293400887646e-07,2.002847245962975e-06,1.952214656140825e-06,7.520943591769397e-06,5.376683140478753e-06,1.2071198162406448e-06,1.5761984334576828e-06,-1.273367885883308e-07,1.3515701193148314e-06,-1.9639295934435463e-06,-6.205091783625761e-07,5.657740003423847e-06,-1.4713572870844864e-06,7.064490605911356e-06,8.826237653204434e-07,-4.599963803613648e-06,6.129631073913512e-07,-1.9900156767927908e-06,-1.5300741466960523e-06,6.407949971971358e-07,-2.9130035003107263e-06,8.459074913443394e-07,-1.7866893712645073e-06,-4.08641955852527e-06,-7.275380551002625e-07,9.331223040548664e-07,-4.800928708850711e-06,8.090438159849863e-06,-1.2403519997597827e-06
0.0,-3.098126868658584e-06,-1.6394083522976763e-06,-5.344887915239202e-06,-0.9999791256807863,7.088331570523705e-06,3.505252885667523e-06,-5.722079526328567e-07,-2.8255413440142796e-06,-2.074222006087678e-06,-2.7727470525496305e-06,-6.431322812153295e-06,4.509289075050232e-06,-2.574770836472541e-06,-3.0258847853060164e-06,-7.5015896958643665e-06,2.280546134464013e-06,3.4422967487739972e-06,5.579378986265636e-06,2.70205492112786e-06,4.253204503988886e-06,-1.5883795410408237e-06,4.133697496615404e-06,3.384559318512575e-07,-6.9212020593343526e-06,-4.443606340431721e-06,-6.100182519631497e-07,2.3032414745350564e-07,-1.0455387717774879e-05,-6.063394594597913e-07,4.439171912202905e-06,1.29005461316475e-06,5.046673711019747e-06,-1.723276856473276e-07,-6.5412727933209055e-06,-2.4392588497206203e-06,-2.239418906171256e-07,2.3888612753201877e-06,-7.463526422334399e-06,8.623477493649511e-06,-8.872756786332768e-06,1.1238830267296242e-06,-4.140399486405616e-06,-2.1625652584051852e-06,-4.085794211142623e-06,1.6259015911346087e-06,5.505743284023917e-06,4.9587057514562e-06,-7.584633973233664e-06,-5.476759087822497e-07
0.0,-6.558393749856298e-07,-4.535541893734384e-06,-5.896886919576762e-06,8.24102737755057e-06,-0.9999941990358509,5.3785776311440484e-06,-2.1710602608551667e-06,3.966151029825066e-06,-2.8447644918642374e-06,4.3521004945722806e-06,-4.146560610133289e-06,6.585003126971315e-07,-2.0346709489381392e-06,-9.35745108839833e-06,-4.029489283302126e-07,7.997546473810288e-07,-5.685429641134437e-07,-1.7831867821510002e-06,-9.545297990173397e-07,8.241016483009253e-07,-1.3599173964929294e-06,-1.3971415398246407e-06,-3.771817344271682e-06,1.4894438833429833e-06,-5.18212311851902e-06,-2.6586340055405958e-06,1.2694743615307089e-06,-4.472543252912524e-06,7.439092554307286e-06,-9.171040003721619e-07,-5.532988688262352e-06,-7.553763694456936e-06,-3.5892396001827507e-06,2.785971067379043e-06,3.148077759822357e-06,2.9855709083838205e-06,-4.185968808039274e-06,5.399214823351517e-06,-1.5391590221805254e-06,-1.1855351436228369e-05,5.351557490417676e-06,2.2225297582714326e-06,-4.097171299901297e-06,-5.352042148448328e-07,6.328003458097958e-06,-2.872361299742574e-06,-1.6674670002794318e-06,-3.3731426297217935e-06,2.157958763346599e-06
0.0,4.71458751811401e-08,3.409018001848951e-06,-1.010905437744616e-07,-7.956166233987723e-06,-6.090409378591103e-06,0.9999975794775074,-5.6006455043252455e-06,-3.812813718540852e-06,-6.399353202131534e-07,-8.354477155273507e-07,1.5632117820145002e-06,5.231510003648684e-06,4.596082516712284e-06,3.390392815910061e-06,1.345386121924986e-07,-7.124732430912792e-07,9.952453543754181e-07,5.553276965780979e-06,1.0224555425007892e-06,-2.3183366741935307e-06,1.7398659751556423e-06,2.1738320744950877e-06,6.903986105755581e-07,6.365729726254555e-07,-3.899862063406244e-06,2.4237978628793507e-06,3.0119460668894447e-06,-2.2857524576389826e-06,6.32561421288868e-06,-1.4013934686607806e-06,-2.8294119925495938e-06,-5.055138335897301e-06,-1.8299107861765013e-06,-3.0794119114111775e-06,-3.7394050684072987e-06,-2.781565812935488e-06,1.062247723354945e-06,3.0139128009844877e-06,-4.806739756727534e-06,8.089025242673582e-06,-8.479263551187709e-07,-2.777868062586192e-07,-4.184436160468548e-06,7.729755984497716e-06,-2.3840593702815105e-06,-5.565773812626807e-06,1.6916301400538456e-06,-4.292437130352032e-07,1.115697338408167e-06
0.0,9.894480018051077e-07,1.451590809823946e-06,4.243849166326332e-06,1.5288729157346245e-06,-7.543489075896691e-06,8.20130614735828e-06,-0.9999942996400805,-3.068366439238633e-07,-4.144186640441811e-06,-1.706931323367207e-06,-5.2563386002374685e-06,-2.2301542130484234e-05,-1.6919104806588071e-06,-3.7556297314275797e-06,3.7245341360104103e-06,-3.482488168867357e-06,-4.646975443137994e-06,-1.1511907897115115e-05,-3.530533501521109e-06,9.355859300208874e-06,-2.119632780476144e-06,-1.5304946996911403e-06,1.8920163304472747e-06,-2.8401592555245807e-06,1.1191209532649594e-06,-3.89769445338207e-07,-5.700864926530361e-07,1.6297115096208086e-06,-3.6712061297392944e-06,-3.399091035491879e-07,4.182484330971838e-06,-3.037737824038902e-06,-2.1848162415826204e-06,2.456007098806929e-06,1.0887426832044956e-05,1.2336761363938645e-05,-1.9492713092215695e-06,4.777257721992668e-07,1.0354001832035858e-05,4.673964645697113e-06,3.941630414150299e-06,-6.7159912082406565e-06,6.269274862490319e-06,-7.384667546968227e-06,-7.033718141416247e-06,8.5503009776896e-07,-1.6399150335691405e-06,1.3814625267075762e-07,-1.8784185403621705e-06
0.0,5.835923929935548e-07,-1.3093211833190474e-06,-6.642642935594974e-06,-3.828494376562925e-07,-5.35495703315065e-06,-4.457493919656079e-06,2.5501843979054717e-06,0.9999854386789462,-1.2763714150840389e-05,-1.0213963935269775e-06,-4.4403124907664495e-06,-4.77071751218609e-06,1.432072159650938e-05,7.942838815454848e-06,-6.685739842935563e-06,-2.63538066208012e-06,3.371371936321859e-06,5.305849146209151e-06,-3.4440943272320117e-06,4.994128907331513e-06,-1.8042853135171863e-06,1.4005755664381573e-06,-8.692623893930952e-07,-4.608070923269137e-06,-8.279186894912559e-06,-1.0221801862194684e-06,8.732049985805027e-07,-6.959456449632223e-06,6.673122568053691e-06,5.1176535774279335e-06,1.7715769379941427e-06,9.283719513359141e-07,-6.06781888056098e-06,-8.982836863190399e-06,-4.971405933183576e-07,4.051691757241275e-06,-3.3877245645472416e-07,1.7761831052202443e-06,6.871759339975906e-06,1.7652041907153342e-05,-1.0388512498394859e-06,-5.93425336624256e-06,-1.6742895861138272e-06,6.798716212910729e-06,-8.550846994716304e-07,-1.4894554754547958e-06,7.6102555028148435e-06,-2.505222384950733e-06,3.987308117263145e-06
0.0,1.8896439310436325e-06,-5.244670772983177e-06,-5.231375865892697e-06,3.841374792991999e-06,-2.767579688816344e-06,-1.4915901942261216e-06,3.079931830077536e-06,-1.1966621047300607e-05,0.9999877124911033,2.266707958765968e-06,-5.782810762582e-06,-1.3966805574489569e-06,6.745700626764536e-06,7.062827766604157e-06,-6.889100977856278e-06,1.5158636890786445e-05,-4.570112970012458e-06,-2.9618635878145506e-06,-4.809669779880494e-06,-5.942513037241117e-06,-1.5311995672178985e-05,9.987448466819226e-07,1.2072385417705192e-06,2.089117305699488e-08,-8.290537547300008e-06,-1.1141372121581247e-05,-2.963026208247681e-06,1.965845465916269e-06,-1.5816904186209798e-06,-7.694646591388573e-07,2.782838011324341e-06,3.939037105035709e-06,2.512575881982262e-06,-3.560249335157866e-06,-3.2344366769413034e-06,3.7864199768619436e-06,-6.345721030027007e-07,-1.8523417407032256e-06,6.058869242200374e-06,7.48255935498939e-06,-2.158137726279761e-06,9.649378824277413e-06,-4.583145641934922e-06,-6.704226092603051e-06,-6.758050522248109e-07,2.2333157864776255e-06,-4.6296824946616786e-06,8.402178578431659e-07,-5.269910627329161e-06
0.0,6.89767798167086e-07,-1.7670338119364854e-07,2.554672678508389e-06,2.6914799731518523e-06,-5.952392433162753e-07,1.5752378197824001e-06,4.026691157660747e-06,-1.098045033456199e-06,2.5427287619267585e-06,0.9999963306606688,-3.951131156069512e-06,-3.40820472484027e-06,-1.5054853505620407e-06,3.9555615233658966e-07,-3.1847767299248593e-06,1.685246481916342e-05,-4.97553769541235e-06,-5.5816435248885435e-06,4.576400148056808e-06,-1.2801344398511318e-05,-1.0673723727336474e-05,-6.1858375265171866e-06,1.890004719308749e-07,-4.4688980981622e-06,-2.913430711623975e-06,-1.3512618268345312e-05,4.4309831043265416e-07,2.9472652176461583e-06,1.7955483185883194e-06,-1.2819548448461229e-06,-2.9014896444675455e-06,-3.7976029870136734e-06,-1.0763840151546095e-06,2.5686117379847033e-06,2.5790456436385145e-06,-6.131153535676902e-07,-2.097338740697387e-06,5.637591363383344e-07,9.181895895456771e-07,-5.989540858810536e-07,6.692138681528591e-06,1.2237441501671128e-05,-6.776232808029995e-06,-6.48560519915936e-06,2.536959315188162e-06,-7.5925794182293355e-06,1.8208233374712155e-06,3.045440260098536e-07,2.600482401728775e-06
0.0,4.676203790133955e-06,-4.5029737847297135e-06,4.0423068261936595e-07,7.442857559037003e-06,1.1980017144352727e-06,3.4956070544128888e-06,5.280140751947995e-06,-3.3577856471565414e-06,-6.86891718050006e-06,-5.143116186770316e-06,0.9999727576867875,6.24295780348141e-06,-1.1536519828025207e-05,-3.5507466516346565e-06,-4.6647245414287363e-07,-6.431914838556974e-06,2.334166705422159e-06,8.204281211982605e-07,-6.187070964473098e-06,1.415651928307555e-06,3.7557767362533158e-06,-6.08282665793961e-06,-6.858204948314684e-06,-1.5469896109508745e-06,2.1974178608080986e-06,8.72255673695204e-07,-2.368094806904958e-06,-6.256974090728447e-06,-4.6009549259297664e-07,-2.2970650049654635e-06,5.449547328343524e-06,-5.690525772661152e-06,1.1283488423842236e-05,2.02732429815319e-06,-2.072842697199565e-06,3.287583759242057e-06,8.122651016229364e-07,-2.5777166175171877e-06,-6.0646068803149725e-06,1.4082648210333645e-06,3.7735506975492818e-06,-4.270488609364819e-06,4.155867900383645e-06,-1.1049233404686343e-06,3.6529192586165718e-06,3.783447919547421e-06,-1.8199232039367106e-07,-7.968052686222213e-07,-2.3550186738676362e-07
0.0,-6.218192784217619e-07,-1.4902577448910316e-06,5.350415157146086e-07,-3.2900134837108298e-06,1.975720934457574e-06,3.3729673793934376e-06,1.8853811528461642e-05,-6.772747562706665e-06,-4.4873563677195556e-06,-8.525309075050839e-08,7.864835191292774e-06,0.9999829338351041,1.2413279332425605e-05,9.809222584229755e-06,-3.227792400511517e-06,-5.712420748996783e-06,2.7094849770604194e-06,-1.2913430622883814e-05,-3.580124371227393e-06,6.129164941449159e-06,1.4145066270198434e-06,-4.280510135942178e-06,-1.1752041583162404e-06,-5.967600803965142e-06,7.37843678032562e-06,-1.2420317857515983e-06,-6.892991645612312e-06,5.843050580749744e-06,-3.5037011519120737e-06,3.971700001391873e-06,5.060766472073533e-06,6.937762289340959e-06,-3.1294584634068986e-06,-4.677157012222519e-07,8.07277348445199e-06,9.38744905720562e-06,-7.573560798773129e-07,-5.485946182309138e-07,9.318752313369268e-06,6.300241973879738e-06,7.312622535530373e-07,-3.4278025272675527e-06,6.585509282360012e-06,-1.32064727443517e-06,-4.436469054635703e-06,7.235848087257747e-07,-1.0923612812045944e-06,-5.475035657096972e-07,2.955159521111155e-06
0.0,2.3054248820582837e-06,-5.95008548321831e-06,-4.175930064622426e-06,1.888163259711845e-06,-1.983828241268342e-06,-3.3105304519881062e-06,5.528151175492e-07,-1.6489730680856756e-05,-7.534769482738955e-06,-2.227057324993036e-06,1.7443945355130094e-05,-1.4801617561139995e-05,-0.999969068790848,3.7627714905445976e-05,-1.6450259192376322e-05,-7.39883103434863e-06,-3.0027920744152284e-06,-3.25355434702931e-06,1.534684209652411e-06,-6.0465468807272805e-06,5.001238880802961e-06,-4.626874070566896e-06,-4.641690280522737e-07,1.3246608190980674e-06,3.295003533448835e-06,3.277406728136522e-06,-1.1256273000769462e-05,3.560142361318588e-07,-1.446164749871772e-07,1.3659473877247862e-06,-3.963582479369782e-06,-4.277489557129068e-07,-6.933339926772043e-06,-3.2860840379723345e-07,-2.7657659957616095e-06,-3.3692174678360637e-06,-1.1791141306701082e-06,3.8045476420017144e-06,-5.7825922243224266e-06,6.778199974483321e-06,4.179358783057553e-07,2.0791560075097577e-06,1.49978321086577e-06,1.4938146257493832e-06,-3.051270493064444e-06,5.6878252763952597e-08,1.978616377225677e-09,-2.1497115019398305e-06,-1.6232280934888476e-06
0.0,1.0380211306547481e-05,-1.2083465222157307e-05,6.114372723800232e-06,-8.071868794417577e-08,-8.133443149520861e-06,-1.6421061271842341e-06,-2.170178845916123e-06,-4.823423202127678e-06,-1.9467377456908832e-06,-4.631363649680415e-06,1.7837568709243397e-05,-1.1947632871863157e-05,4.089263956177609e-05,-0.9999414990000226,-1.38343468954775e-05,-9.480107732783077e-06,-1.4133478527730235e-05,-1.60857689659463e-05,-4.18380986494088e-07,-1.218050901487356e-05,2.660433758272406e-06,8.225585206583326e-07,7.274268467151067e-06,1.810592845866622e-05,1.2799757867661298e-05,-8.361588377726165e-07,-1.2476591406082662e-05,-3.376224334566354e-06,4.458674778024841e-06,-8.113350347999007e-07,-5.961126191250706e-06,1.9826434568770433e-06,3.2614226944944646e-06,6.895730414761054e-06,3.411488075466211e-06,-6.884580339028631e-06,-1.8339513946141417e-07,-2.6582168477771892e-08,-4.257951227332904e-06,3.022664411373969e-06,-3.676705243491582e-06,4.095014473742522e-06,-2.977545932676044e-06,-1.8242925354668195e-06,-2.188135483256436e-06,2.4917669808243656e-06,7.855281574495488e-07,-5.72475569163588e-06,-3.826286075153407e-06
0.0,-1.8918802343224126e-06,3.26581210146971e-06,6.68514154041588e-07,8.769794383308381e-06,-1.066270853076158e-06,-2.0248679991454938e-07,-2.419238730697044e-06,-6.353519329411596e-06,-4.716475226657311e-06,-3.455462179686901e-06,-9.520254770107064e-08,-2.1715134190418205e-06,1.616012857823261e-05,1.2710344480504618e-05,0.9999692869753173,-2.5041398784882314e-06,-8.087608691566952e-06,-6.417497320636253e-06,6.120754916530059e-06,-2.5900123159609196e-06,-2.6532711376444357e-06,-2.7215775288839904e-07,-1.5647873954451755e-06,-5.044990740671672e-06,-1.507037638026547e-05,5.0955397538529065e-06,-1.1826379354935736e-05,3.124260071884989e-06,2.956765287938776e-06,-6.231861397517895e-07,-3.5658575834997935e-06,2.4494413528310934e-06,-1.8225658010038926e-06,-2.7620253075654813e-06,-2.645746877845505e-06,1.5458198841951647e-06,3.30272509683389e-06,1.1128991047229393e-06,-4.156888147566947e-06,6.535803983337493e-07,-1.2520781774651363e-06,9.887364270852836e-07,-5.706039590227092e-07,-1.5382727275900885e-06,5.121896798347221e-06,-3.05816176167413e-07,2.4648271469625004e-07,1.083127129410804e-05,-3.569749593132936e-07
0.0,5.360064629288837e-06,-3.06538318086443e-06,-3.0631212929874584e-06,-1.0802882365501688e-06,-1.9183590178636988e-06,-3.7242546313525736e-07,3.996409850640505e-06,-2.89600139510898e-06,1.9044073278764325e-05,1.9811670346399175e-05,-2.7894896442736084e-06,-7.972645101824253e-06,1.1359092775252185e-05,1.2323710565838984e-05,-2.768574823975213e-06,0.9998800951117738,3.873463543937683e-05,2.737636148000961e-05,-1.662317732101439e-05,6.004421427457217e-05,9.633439807075648e-05,2.379629552410469e-06,2.3838336276032586e-06,1.5871113674314744e-06,9.283308977267771e-06,4.239786156555382e-05,-3.6353583258564103e-06,-3.157394058218553e-06,7.157728714925959e-06,1.5817924755035403e-05,1.1860765070406582e-05,-9.876293241082268e-06,1.4063415971281641e-05,-1.893998333690107e-05,2.2029005018942847e-05,-9.505897766970956e-06,-4.1672466711571994e-05,-2.176207758719671e-05,-2.488744923647121e-05,-5.822673153471779e-06,-7.114086801998418e-06,-4.517244351267076e-05,1.7166468465889136e-05,1.7067364069639183e-05,-3.05806718885111e-06,5.580335985860181e-06,2.3194550485444774e-06,-2.2711965658084533e-07,2.3451441840194915e-06
0.0,-1.7273395143424674e-06,5.389228092002149e-06,4.7251508728376205e-06,4.352134456717274e-06,-2.034719395503971e-07,-2.960310564126862e-06,-2.5034143507563515e-06,-4.179660743681516e-06,7.571525007545969e-06,6.663721477830505e-06,-7.793168732083176e-06,-5.32841134680777e-07,-4.098052256742511e-06,-1.2900355427254762e-05,6.07896047218885e-06,-4.0940302320466666e-05,-0.9999739745995758,2.2973006215047416e-05,-1.1767736770245734e-05,1.9377620900455644e-05,3.371122588811349e-05,1.3793486705209435e-06,-5.471408101260804e-06,-6.304911185305935e-06,6.890567494572538e-07,1.061770172403513e-05,1.2375994422434854e-06,4.789214908897491e-06,6.894347188553626e-06,9.502316711251929e-06,1.5027536021121237e-07,-8.90407861850908e-06,5.047481131169968e-06,-1.0198277374549435e-05,6.531734128245453e-06,1.4170691448092386e-06,-1.4538518090679621e-05,-9.138235053945535e-06,-9.331719151356994e-06,-2.5617647038813036e-06,-2.921003985544755e-06,-1.573886833092759e-05,7.20271696991219e-06,4.366585533759782e-06,-4.812935014101742e-06,-2.7885457666093257e-06,6.857687437031147e-07,-2.0115927819986064e-06,-5.021342394854861e-06
0.0,-5.570154239669663e-06,4.753074195754467e-06,4.421858706389792e-07,5.49902404225866e-06,-4.2690544731729256e-07,-5.146294618334488e-06,-1.1754621281473973e-05,-5.8034634147430944e-06,8.54100636897215e-06,6.355576772012723e-06,-8.306816432381538e-06,1.4908949220792747e-05,-9.108146083111084e-06,-1.7531730468331763e-05,5.637510131166899e-06,-3.126487474303366e-05,2.3648134662146154e-05,-0.9999610985305061,-1.0021124366618237e-05,1.903021896438618e-05,1.774849130665499e-05,7.48420914029213e-08,2.057149877070612e-06,1.8000970060545183e-06,-1.2843429527513125e-05,6.0617432064464035e-06,8.48841696507929e-06,-2.8383026652776703e-06,8.36935880580308e-06,5.507659539807524e-06,-6.693246415316369e-07,-5.490982050958708e-06,2.8558315122188494e-06,-1.2852649713319822e-05,-2.6410394713435052e-06,8.458476569917319e-09,-1.8221764821695072e-05,-4.43866864990032e-06,-1.453986759869676e-05,-3.2243525358959553e-06,-4.309924871340753e-06,-3.147742483750596e-06,2.9006991786115927e-06,8.0331107733286e-06,1.3269260553567463e-06,-1.0320720142667037e-06,5.714733911742794e-06,-1.3633901096387697e-06,-1.253815082051457e-07
0.0,-2.2687071043340185e-06,3.3270546218542627e-06,6.419942834199672e-07,-1.9267983945511294e-06,-3.1972252744905965e-06,1.123899121791579e-06,7.0416272300103215e-06,2.0234785605715316e-06,-4.361937755008997e-06,6.830061822525108e-06,-6.568289484164682e-06,-1.88178080033724e-06,-4.291171216836002e-06,-4.399078678775157e-07,5.0693472931740545e-06,-1.755739461256059e-05,1.270168515872627e-05,1.192412928481928e-05,0.999963750428639,5.688913471441529e-07,8.756841351606215e-06,2.8936631868407763e-06,1.2686561120504244e-06,-2.5197514769669006e-06,-1.5443243011976682e-06,3.99616458354613e-06,2.1432923829519384e-06,-1.8183121512089302e-06,-1.2719700397719995e-06,-5.9529215076358486e-06,6.069951527292459e-06,-4.295990620055753e-06,5.901241308449132e-07,-3.1299255526977813e-06,6.561214432444902e-06,3.7514267225531984e-06,-9.252842739183236e-06,-4.54321486579116e-06,-5.401533011619609e-06,-1.5116070567249227e-05,6.868290207868402e-07,-1.4177429335428983e-06,-3.7119978692835112e-06,-3.659334579101759e-06,-1.1534890473247704e-05,-3.933342007157492e-06,-2.8926449780058906e-07,-4.978509797090383e-06,-3.3023265798026e-06
0.0,2.8502704600386277e-06,-3.235363945070799e-07,3.857126489700207e-06,-4.317776765881257e-06,-2.3708557127009493e-06,-1.177972181802652e-06,-1.2266781045148962e-05,6.755879972212011e-06,-4.1590336515676126e-06,-1.4960088471649856e-05,3.5383485040840217e-06,4.429498880003549e-06,9.09244616604558e-06,1.4666514974139388e-05,-3.402175000295019e-06,6.820016170222109e-05,-2.685421515683881e-05,-1.9835400016579426e-05,8.309227056544621e-07,0.9999627081834295,-2.8571726867820736e-05,3.2035112869759865e-08,4.906462417251152e-07,8.391278382688874e-06,4.159976199154167e-06,-1.1669743715828816e-05,-4.5090696250565005e-06,-4.499195190970322e-07,-7.187284076270393e-06,-8.125863254760068e-06,-1.2288733415769407e-05,3.7410977782578917e-06,-3.247036126362412e-06,1.3987049045688004e-05,-1.2604636677027924e-05,-1.4668963601887416e-06,2.3156530931259118e-05,1.3171846068293933e-05,8.91602739591326e-06,-3.5661346385452403e-06,-1.6363527206104434e-06,1.1736692566749396e-05,2.1661641733073278e-06,2.409886848262771e-06,-4.713121018682404e-06,5.966692138417704e-06,1.3791849363890527e-06,-1.0281560453123373e-06,3.87342916087049e-06
0.0,4.467930787949366e-06,-1.5310840265180783e-06,-1.4368435796064823e-06,-2.2753679149204865e-06,-3.618435323141843e-06,-3.1054201798288685e-07,-3.2470054512167955e-06,1.9169963743136074e-06,1.5422638113532597e-05,7.909369445198595e-06,-5.586802704778177e-07,-1.594564671897045e-06,3.322747782649901e-06,4.773785649357264e-07,4.926899273263314e-06,-0.0001166090537596685,3.846233196366501e-05,2.2513348594918274e-05,-1.057336368713826e-05,3.0434669482065587e-05,-0.9999476513867148,1.0712656465155213e-06,-1.1493030888028474e-06,2.5351712996580786e-06,1.3231830396590356e-05,3.46376973607068e-05,-2.391161210007023e-06,-1.5234053017695222e-06,5.859740264708376e-06,1.6053332302947312e-05,6.6229796946753285e-06,-9.67498341427067e-06,1.4947709630351307e-05,-1.2989773328235796e-05,1.709551837914106e-05,-9.461472436157803e-06,-2.8694326793752344e-05,-1.1354289076709705e-05,-7.167364056656764e-06,-4.104588890871893e-06,-1.3932901786719432e-06,-8.38330455412476e-06,1.997331109516346e-06,2.5578745977619093e-06,-1.5902213525291571e-06,2.1112626666760787e-06,-2.23442883329338e-06,2.67893979703233e-06,2.6488868623034683e-06
0.0,-1.8031331880332144e-07,3.438652759366244e-06,2.9370872223561327e-06,2.3234298642345633e-06,1.4185606046677219e-06,-1.2174761581018488e-06,4.242607178654981e-06,-1.5101356974193657e-07,-6.40113753449521e-06,1.1141237364447158e-05,6.5830736255640105e-06,6.950561451174193e-06,-5.37351215148771e-06,5.578428525984736e-06,-3.27584143207585e-06,-2.5557737088260855e-06,6.264009722738831e-06,1.8366521321026696e-06,1.481495981583878e-06,-2.436133790339043e-06,3.1692754674992183e-06,-0.999980569198738,-5.0329527567991596e-06,-5.535905200300548e-06,2.796466755826144e-06,-2.8482557293885846e-06,-2.1272007287737958e-06,4.616253012385613e-06,1.2116035179367998e-05,8.038021044830943e-07,3.086600497715293e-06,5.345836145130586e-06,2.0609202537537875e-06,-5.871826667689957e-06,-1.4181030371042297e-06,-7.3102490105409225e-06,3.921882453770099e-06,-1.8016388615570704e-06,4.855847434394718e-06,-2.8531878078356463e-06,-1.3138093274698715e-05,-6.3607116679620685e-06,-7.935045185241763e-06,-3.271564122992779e-06,1.487532753913487e-06,-3.6462348481270957e-06,-1.1335890803008346e-06,-1.5421695224140723e-06,-7.027493005227621e-06
0.0,-2.269554480703042e-06,-1.2264263369558054e-06,-4.218928852092678e-06,3.0993566191766832e-06,-1.5785476318548984e-06,1.4137052884757185e-06,1.3880274598627042e-06,-4.520667681512784e-06,-1.95693740533683e-06,-2.1238468911495573e-07,-4.79612497858945e-06,-4.329150683362066e-06,6.876205942250898e-07,-6.288712217972719e-06,5.447373333762625e-08,5.153485067407152e-06,5.7070906328450465e-06,7.16355173662581e-07,-2.443872437704567e-07,-3.815437448141767e-06,2.477818123334421e-06,8.308598458983808e-06,0.999995633801693,-1.08396536068634e-05,-3.6139048381483585e-06,-5.732914322860961e-06,2.892664074920811e-06,-1.2237878581357735e-06,5.54727418249568e-06,-5.130674118761629e-07,-4.203471803041611e-06,-6.719129372566761e-06,7.644051389722309e-08,-1.820097686962057e-06,-2.6435638496382406e-06,-4.3789362389510755e-07,-2.995068706676113e-06,7.488578665604586e-07,-5.925990598798629e-06,-1.4622248207911972e-06,9.948471836546723e-07,-8.804265263696403e-07,-4.755495920557233e-06,-8.9086821276201e-07,1.4325164433203922e-06,4.00756134972211e-06,-7.190549952101197e-06,8.70437635065262e-07,-6.124626522933952e-07
0.0,-3.6475252797927967e-06,1.2839309650363713e-06,-3.92662677411976e-06,4.7741657736355544e-06,-1.9328314341109116e-06,1.088573608790405e-06,2.463210772572852e-06,-6.424139944509156e-06,-3.7641018921604956e-06,-1.239275095371235e-06,-1.0516587612089775e-05,-5.971085659526345e-06,-1.7574602966415227e-06,-1.5992064748523453e-05,-5.691719812752603e-06,8.956000212371319e-07,3.842744066536819e-06,-4.863414060313611e-07,-2.1285642317387383e-06,6.861943057690735e-06,-2.791320298719498e-06,2.053550051077928e-06,-5.791875134960268e-06,0.9999744203538151,-1.6092935906659132e-05,-1.7571537634911698e-06,1.4755893568028155e-06,7.147904445077413e-06,-1.454596049712894e-05,-2.2974502385823843e-07,1.1734076200742878e-05,4.324237333252267e-06,9.849503003530173e-06,-1.2664234108028083e-05,-5.360962201999441e-06,8.27643362887781e-06,2.9529803988627007e-06,-5.153525141186444e-06,-2.200368538113029e-06,1.6682926108591606e-06,1.6125923570143353e-06,-1.333127575244852e-06,2.423198002206777e-06,-7.666642906006376e-06,-1.8924648436736442e-06,5.879647830589311e-06,-7.41631595604791e-08,-8.038594686964493e-07,-7.292808966413622e-06
0.0,1.3753696075548192e-06,-5.625088451778762e-06,-8.496792324259989e-07,-3.5390673409081216e-06,-2.50078900216642e-06,3.1445011441820533e-06,1.2832161627016404e-06,6.078767255938814e-06,8.529095601256448e-06,2.2915793454626944e-06,4.916485340327333e-06,-8.639740983795936e-06,3.372754003063176e-06,8.6099467542606e-06,1.2615676999490532e-05,-6.481590270872253e-06,4.937453634289305e-06,-8.021599488828999e-06,-2.262247486370264e-06,-2.958600531500291e-06,1.0320706315333443e-05,3.017473779149727e-06,7.981122175317445e-06,1.3974716952551339e-05,-0.9999729453234782,-9.557702603626334e-06,-6.115980077076845e-06,-3.270273118922351e-06,-7.898494115727356e-06,4.569261868933663e-06,-1.2084312045653865e-06,8.89337926621962e-06,-4.249462489565506e-06,1.2962452841650176e-06,1.380157709367823e-05,-1.111619004211083e-05,-9.77451389673425e-06,-7.804941684362026e-06,4.88592731472354e-06,-3.8156154375993134e-06,-1.503057328009949e-07,-2.28366433221598e-07,-2.164503171020715e-07,1.2049679678158937e-06,-5.144621649983259e-06,-3.520718979854943e-06,-1.5951923210922434e-06,4.719680917207594e-06,-3.842598384899741e-06
0.0,-3.3079326084756063e-06,2.620554659797337e-07,-8.597288467543055e-07,-1.619477840401824e-07,-3.899308580893962e-06,7.03606138772629e-07,2.2463389972795458e-06,2.398729565753839e-06,1.141979061356837e-05,1.2046497629638525e-05,-9.423144078390003e-07,-6.227690380138858e-07,3.141967190422962e-06,1.1433094257028928e-06,-5.4355467586201e-06,-4.231340926803783e-05,8.999594142407168e-06,6.375795451898836e-06,-3.1883399139863337e-06,1.207886805364897e-05,3.2286403468906656e-05,-3.891931574094328e-06,7.086049343836654e-06,1.9643653190417565e-06,-9.029508826437479e-06,-1.0000011576734757,1.2000984924232297e-06,8.57113470690476e-06,3.880831355063595e-06,6.582123446429985e-06,2.6633999824160905e-06,-2.2009343429024406e-06,6.516076420471843e-06,-7.091656052166154e-06,1.800574915014958e-05,-6.208180100510679e-06,-3.244604614466164e-05,-1.4386124030915381e-05,-7.530671238313698e-06,-3.0344896324615694e-06,4.196975453659358e-07,-1.3501582935777001e-05,-8.365343215048283e-07,2.5330481632779522e-06,2.559466725289334e-06,-2.2357341702820053e-06,-2.6136065476025182e-06,1.0791435625182192e-06,1.4886879006684271e-06
0.0,-6.561962984370148e-07,1.2586125343351462e-07,1.9402722366714824e-06,-5.974757884613944e-07,1.6925596431940772e-06,-1.6613841066670027e-06,-8.887212532862558e-07,-8.812716575501887e-07,1.1651259006686372e-06,2.761885895682935e-06,1.5132029833636034e-06,3.35655098262419e-06,-8.672180512187205e-06,-7.98007726848249e-06,1.1968660817581375e-05,3.5278603699312503e-06,1.7821908288362517e-06,8.77779321608606e-06,-6.929855634000729e-07,3.306484908467805e-06,-1.875439529971178e-06,-9.733706792714551e-07,-3.1689092145255234e-06,-2.018106467088077e-06,-3.7670149370904656e-06,-5.086191485810543e-07,-0.9999630297096573,1.61785887696866e-05,-1.9467092674009305e-06,-3.21703471672874e-06,2.503956892203426e-06,-4.616666762106429e-06,8.945943301683506e-06,1.9963479113261348e-05,5.252234093498975e-06,-9.571603927785936e-06,-4.099922166771713e-06,-2.8498597962630104e-06,-5.242571559230448e-06,1.2067905948722909e-05,-5.518544249552757e-06,2.0775673364634968e-06,-1.0164447183325427e-06,-1.467722897203487e-06,-1.2966733264437932e-05,-2.312425156647732e-06,1.1490394215150186e-06,5.845681589516717e-06,-1.1746660220330134e-07
0.0,-1.4191083247682979e-06,3.27997702488618e-06,3.166737297504525e-07,-9.093253704943671e-06,-1.9303024422399036e-06,-8.593728882345181e-08,-5.99330201444722e-08,7.203645627392781e-06,4.4382658044473354e-06,-5.647772618510576e-07,2.85626713065192e-06,-3.0072305939814326e-06,5.962211668272807e-07,-1.2358673394991151e-06,1.0212123135189298e-06,2.477240659976234e-06,1.804367261873614e-06,-7.751560492436112e-06,-1.0672565240721644e-07,-3.8081746807743383e-06,-5.1360172721604725e-08,2.4080862502326357e-06,1.393091633697041e-06,-1.8182593338010723e-06,-2.411868507934531e-06,3.7853967179344777e-06,1.88591602556225e-05,-0.9999828584667567,7.78028321757929e-07,1.3544719267933068e-06,-4.561390358008096e-06,2.4322836001149168e-06,-3.22921729133626e-06,1.5531878113406273e-05,9.690823167857637e-06,-1.2308522240730109e-05,-1.7478617013729536e-06,1.699716547744628e-06,9.04405798462483e-06,5.877634639833501e-06,-2.2293923855256606e-06,-5.629934473283377e-07,1.0790697790512342e-06,9.007967634055383e-06,3.0719801723807397e-06,-5.18794586543579e-06,-2.3803695005173415e-06,-1.414466918079393e-06,-2.3383490163030119e-07
0.0,7.008316450126263e-07,-2.3476811259757667e-06,-7.071609040008702e-07,-3.1707660582046395e-06,-2.501938762883831e-06,6.3556980927913315e-06,8.313641477809685e-06,4.085937121503465e-06,-4.606449948606871e-06,9.25727608596487e-08,-3.6700709157165376e-06,-7.924382539065673e-06,1.5730467130385361e-06,-8.074120216535623e-07,3.2396927351204973e-06,8.469476255447632e-06,-2.8883914877015973e-06,-1.0261418753633102e-05,-2.5518191998631047e-06,-4.810362226967497e-06,-6.354156057527246e-06,-9.808599764021476e-06,-4.4573525299795437e-07,-8.772419252280557e-06,5.832013643311959e-06,-2.7021759170006636e-06,1.639398811677026e-06,5.336218570942202e-07,0.999987610395939,-2.9770875614695285e-06,1.3961508411383462e-05,9.337554561531972e-06,-4.6390948555694796e-06,5.553036256447538e-06,1.476881170017242e-05,9.064561531798323e-06,7.626980461924833e-06,-2.83622844415784e-06,1.4246398221753188e-05,3.28198630378031e-06,7.973080800708353e-06,-3.7698740256463046e-07,7.077053131441525e-06,-1.6180797833591912e-06,3.439442104074156e-06,-2.3423573067495493e-06,-2.7594401172493713e-07,-9.109396465440772e-07,9.491446266177674e-07
0.0,-3.789877298619028e-07,2.281423419153749e-06,2.9591077269699946e-06,-3.1594201417853036e-06,-1.9142678612571188e-06,1.2795619985029574e-06,1.522796932698595e-06,6.3350156335498165e-06,-3.930336643808034e-06,-3.864564032196691e-07,1.088223852665004e-06,1.5589203595773754e-06,-8.675736198691588e-07,3.689783984298729e-06,-1.513958642996112e-06,1.7061367217805102e-05,-9.79267055848797e-06,-3.643245525796606e-06,-9.57401071281921e-07,-6.826687584665776e-06,-1.3634849142573705e-05,-7.417796330077469e-07,1.8340728041107046e-06,4.311515761883437e-07,-3.3329735701107315e-06,-3.549103216806513e-06,3.784040518045567e-06,-4.173492996939896e-06,-2.084841884143185e-06,1.0000024295387582,-7.134474318895838e-06,-2.4019354269138865e-06,-1.0228169665882503e-06,2.0817623338227563e-06,-4.407806993881049e-06,3.3086234224225424e-06,7.3645778801306015e-06,5.760169746962438e-06,1.3668262577104106e-05,-4.4604314434863274e-07,3.966558592729912e-06,3.7043192976119075e-06,-4.416267271797399e-06,6.307980507856268e-06,-1.1848944975330007e-06,-9.933802313219128e-07,2.886551696344353e-06,-2.3211410146130964e-06,-1.5019183472791123e-06
0.0,-9.772673939344621e-07,4.712992926168143e-07,-2.9514694278022933e-06,-5.692639222533863e-07,-3.5990682484661692e-06,1.3212065111162952e-06,1.6331445481072338e-06,1.91449538560835e-06,2.207632271221341e-06,9.04087495099512e-07,-8.814588650960576e-06,-2.26149495531773e-06,-5.65200317128194e-06,-7.719128308402482e-06,3.4705154430805277e-06,-1.362400417388181e-05,2.152638724050139e-06,-1.0492008881202102e-06,-6.298356188210414e-06,1.0024501998294708e-05,5.5601168850445544e-06,-1.4503357780205163e-06,3.891837932999312e-06,-1.2659113300818836e-05,-3.5528778365190423e-06,-8.987096685650945e-07,1.993685156865108e-06,-3.310216579666698e-06,-1.613523213310698e-05,8.236728077172391e-06,-0.9999898362891456,-3.4414080026192323e-07,1.0607310440687725e-05,-9.675975027019724e-06,-6.85172780802058e-07,6.657084692932943e-06,-4.5188989942901185e-06,-5.033086769175972e-06,8.404779288676052e-06,-8.664588993797689e-07,2.320166268771353e-06,-8.269592778530477e-06,8.892852422583998e-07,-2.239189471407704e-06,-2.1911356250328e-06,5.279595314797361e-06,3.109705227532378e-07,1.6916166672500846e-06,1.212474650853129e-06
0.0,-2.115046961109312e-07,2.1844402435752364e-06,-4.015335154934401e-06,-3.112334407590567e-06,4.914066522817738e-06,-6.293278074029836e-06,1.299170439431339e-06,6.665342209888734e-08,3.252773896254245e-06,-2.7958147940647985e-06,-5.536226415129896e-06,9.515364255103029e-06,7.000751103794395e-08,-1.3050514906993566e-06,1.8696628292642978e-06,-1.0120171526138495e-05,1.1216369467339456e-05,7.752678431922804e-06,-4.018762653249442e-06,2.590204609294266e-06,8.665679109663057e-06,-2.0482665291337264e-07,-7.1672660784653455e-06,6.907771557299255e-07,-7.460474991041193e-06,2.166432687994039e-06,3.1753891716878745e-06,-4.246961973631385e-06,1.4423450528064637e-05,-4.780775796728208e-06,-3.560513361938809e-07,0.9999913243254505,6.2566540558902185e-06,-8.831952903784664e-06,-6.400777043625468e-06,-5.649401949739838e-06,-7.501046573895367e-06,-1.6612938647910578e-07,1.0464092474828577e-06,-4.4033607417422065e-06,1.0107895548654658e-06,1.1796142367769876e-06,-1.0498885885651044e-06,1.2251480311416355e-05,7.546444223404174e-06,-5.735211028625901e-06,1.3663172912067082e-05,-4.143375517656106e-06,1.6129514345141454e-07
0.0,-2.650415697718385e-06,1.6688243481553048e-06,4.611530775492151e-07,-2.473718862586322e-06,1.914324546382231e-06,-1.9659111130683916e-07,2.1298817083522262e-06,-5.793423518495767e-06,3.2841035622455003e-06,-1.9192770847401567e-06,5.856369527401519e-06,-3.6125859306501765e-06,7.169453808312298e-06,-3.123612417179721e-07,-2.4646228977581305e-06,1.5312181996230286e-05,-3.5754609047025325e-06,-2.1449043231214155e-06,-2.7782158901182727e-06,-8.97817905215937e-06,-1.0790325988240366e-05,-1.912041601711652e-06,1.8222260872069051e-06,8.13427059663101e-06,3.2760343761167625e-06,-4.509969246207742e-06,-7.997981571091497e-06,5.466348262846863e-06,-6.071015350310865e-06,-5.709173130081922e-07,-6.264223720877802e-06,1.1589747248510385e-05,0.9999814486926829,1.3571076673482325e-06,-5.749691909307738e-07,-3.2232290873605617e-06,-1.5961272262453413e-06,3.9420444948979205e-06,2.07143998149847e-06,-4.94212797101897e-07,-4.348100326164607e-06,5.824807903847934e-06,-5.3644139028191635e-06,-3.5437013468484874e-06,4.558816321573086e-06,2.8054474152645696e-07,4.733225910069232e-06,-1.7844824525823448e-06,3.2751021240319186e-06
0.0,2.497486442259963e-06,1.7118042163963425e-06,-1.665829920724072e-06,2.23817475594143e-06,-1.733616237488677e-06,-2.6541387718400113e-06,-1.866055795899456e-06,-8.501550516601061e-06,-7.60832018578435e-06,1.8959518678205081e-07,-6.0702485698255795e-06,2.01822867386e-06,-2.9167987425790424e-06,-1.0525712184420163e-05,-2.1999976910720383e-06,-1.95405478203029e-05,1.1278935119554132e-05,1.4316139281498922e-05,1.4990946833214901e-07,1.5866526535965545e-05,8.549335988883443e-06,3.121859143821901e-06,-2.233895931825835e-06,-1.3377114402728003e-05,-4.91237046216335e-06,9.03530770239576e-06,-1.7436589943727672e-05,-9.140376950175876e-06,4.4263618160216875e-06,-5.669943106874453e-07,6.477509545772426e-06,-6.835046036217992e-06,-4.771673556763652e-06,0.9999555735239409,-1.552900863239212e-05,2.5326696764696298e-05,2.9844430948450268e-06,2.232017991446937e-06,-9.34215692274062e-06,-3.010900225687571e-06,2.462874265151117e-06,-8.177589547923676e-06,5.358280666971971e-06,-1.880547719446541e-06,1.8615072473867057e-06,7.931578200079484e-06,-2.031484633020418e-06,-9.52559441993278e-06,-3.7489035662589145e-07
0.0,-6.801473029163683e-06,9.103973832759182e-07,-4.6408868287785385e-06,6.115715473051537e-06,-5.121532467487418e-06,-1.151328168148804e-06,-8.483749988288167e-06,-4.6440149451201874e-06,-3.192377132348855e-06,2.3419125750968882e-06,-5.120443618620083e-06,7.678103109805972e-06,3.1650304996866104e-06,-3.1104160138526313e-06,-4.154029980955363e-06,2.19535288042459e-05,-7.60742904594772e-06,5.7047275626423225e-06,3.3189011593932683e-06,-1.1461118612567521e-05,-1.2923632512955191e-05,1.2339056069521743e-06,-4.76811516009124e-06,-7.359039413349363e-06,-1.4836202231267158e-05,-1.8290632970930972e-05,-6.453628302002496e-06,-4.229461238478893e-06,8.844496602419699e-06,-8.489761462494433e-07,2.433594548243438e-06,-5.768693166837344e-06,-7.162772986545954e-07,-1.7148694091029883e-05,0.9999784441182369,1.2945375521124171e-05,2.8285104395803344e-06,-7.165156829351038e-07,8.932729317805863e-06,-3.3236278531515325e-06,1.0972682371470207e-05,5.873234386391937e-06,-5.763918940471399e-06,1.0491051153467027e-06,8.881528736358644e-06,-2.075859521617742e-06,5.438882899834334e-06,-4.318100188395862e-06,1.957085519578908e-07
0.0,3.852091017542244e-06,-3.4745312037777848e-06,1.3696872165632756e-06,8.035333622688314e-07,-5.330940361812866e-07,-1.0656832953554632e-06,-9.401853535152342e-06,3.823469231118407e-06,3.123630898236902e-06,7.535054618049158e-07,7.973716889279037e-06,4.715239870950251e-06,5.68220265552028e-06,7.705773944108963e-06,2.025448737099939e-06,-6.614266798569182e-06,1.995943915161264e-06,4.761241143486519e-06,-1.4226420886035613e-06,-3.945162419596383e-06,6.930318840736968e-06,4.57186594762655e-06,-5.146721886996234e-07,9.47063343268915e-06,1.3165132208463248e-05,3.0034550588582506e-06,1.0768920192221682e-05,8.318272175253986e-06,9.37100239463496e-06,-2.8509276081038304e-06,-7.267342329544862e-06,-4.00125033881247e-06,-3.3856881904805025e-06,2.717610222933078e-05,1.5945385203246058e-05,0.9999744888524761,-9.080301724371637e-06,-3.6877434578422636e-06,3.6428842039614377e-06,9.383010066256404e-07,-2.4648038972904795e-06,1.6085825091304224e-06,-1.6093046293080332e-06,5.137910034155143e-06,-8.283529626309618e-06,-2.1401168674595077e-06,1.5988845729684966e-06,3.895148496193002e-06,2.895767950690136e-06
0.0,1.159841690359356e-05,-2.23101020949371e-06,3.0932364575814207e-06,-2.296554901168325e-06,1.750338248481362e-06,1.1611042369900279e-06,-2.8553251048257182e-06,-1.2842802670362103e-06,-5.866646689053542e-06,-3.9742793502756805e-06,9.496009740198201e-07,4.6815757450536915e-07,2.437522463745262e-07,-2.8507314413819095e-06,8.18068172060299e-06,-3.9268614480595676e-05,1.2186228879139726e-05,1.5018521276479329e-05,-7.108770486798528e-06,1.609913230501576e-05,2.0907001894517775e-05,1.0400443889813746e-06,-5.090290249829286e-06,6.036583849065169e-06,1.0939341130831123e-05,2.9609748318784766e-05,3.896577857777098e-06,-5.838012467720094e-07,1.4028997732799072e-06,8.154886411114873e-06,4.902176710838722e-06,-7.913044722345334e-06,-2.3862994864988715e-06,5.070118093731592e-06,2.9003222861715603e-06,-6.266009709048148e-06,0.9999946962747454,-4.574444377077427e-06,-9.307368652754587e-07,-3.918168729791423e-07,-2.8538604965390214e-06,-1.2638637741875497e-05,9.448868067184003e-06,1.293050685914782e-05,-3.372185015575707e-06,-1.3845421068579064e-06,9.11964022810402e-06,-2.846921554634725e-06,6.082988358286872e-08
0.0,8.130545954862196e-06,-3.998122006473004e-06,1.6483624670723373e-06,3.0153278370711586e-06,-7.51518995840576e-07,2.2875008760047518e-06,6.344408409364451e-07,-2.3314576918441653e-06,-6.594587463185132e-06,-2.930909259273924e-06,-2.6106906065904945e-06,-1.6855445428356071e-06,-1.7982615715704435e-06,7.4247571512045e-07,4.341296082471446e-06,-1.7424427015422856e-05,9.366163822428033e-06,4.224069467686621e-06,-4.199085360914184e-06,7.49194335817028e-06,7.884442249734476e-06,2.817320411427603e-06,-1.826912629044951e-06,-3.710483587470576e-06,9.729551374617299e-06,1.4875541511125216e-05,1.4468854374749374e-06,-3.5689277505690803e-06,-6.897726698163178e-06,4.2055667018428234e-06,2.887535515595585e-06,-1.03415229764038e-06,2.423698136563304e-06,1.9069611294748855e-06,-8.495789660380343e-07,-9.614881607775473e-08,-3.382323931624268e-06,0.9999973736705069,1.0625304183709843e-05,-1.2830878036351637e-06,3.5153132898660915e-06,-1.2001892112081693e-05,-9.410865422897619e-07,5.587523118971187e-06,-3.3416547393520184e-06,2.3413432239719213e-06,-8.364893535587838e-06,-1.0621652536341382e-06,7.777421112161233e-06
0.0,-4.761859422356333e-06,-4.090872504398259e-06,-3.5757236470052226e-06,7.6275736060348e-06,4.8826865310111396e-06,4.473858837792928e-06,7.005607089184424e-06,-7.948370359560573e-06,-1.2187570656271153e-06,5.268462888969738e-07,3.2730582823197873e-06,-9.139174554418737e-06,-3.7196037930711288e-06,-5.531174419423237e-06,4.1256359783495135e-06,2.0442902577120565e-05,-3.44217639612025e-06,-9.662641852536896e-06,4.003651912215798e-06,-4.506371261688979e-06,-1.290900439451132e-06,2.3616519095065872e-06,7.27737275853774e-06,4.6436829309579416e-06,3.936623494131409e-06,-4.894917363369698e-06,-4.3736379726188245e-06,7.388600420968796e-06,-1.555578174958531e-05,-1.2686667374054493e-05,6.657117003968601e-06,-6.41716477177436e-06,-2.4392238368646935e-06,8.964611287960218e-06,-7.301773602113877e-06,-7.157289077069216e-06,-1.674001092485229e-06,-1.0460604505479837e-05,-0.9999797089004735,-1.616691550531432e-05,2.6458178223226664e-06,-1.2021916609401061e-06,-2.760165624059362e-06,-1.3294485655412494e-06,-1.1830150846640705e-06,-1.0493754026985008e-06,-1.2823019069804259e-05,-2.3788416778456915e-06,3.4240656176665134e-06
0.0,-2.865343611935389e-06,1.1799974605840574e-05,1.0561939555207566e-06,-1.3134314420220982e-05,-7.7486541783943e-06,-7.559427157835522e-06,2.2196820582422726e-06,-1.6041574105216984e-05,-4.602579776229767e-06,-2.4980133405753134e-06,-1.7734928814681803e-06,-7.893554281922275e-06,1.0535045706454827e-05,4.984788081991944e-06,-1.0607180603334944e-06,3.066359965350785e-06,-2.0332260209460606e-06,6.63905764285524e-07,1.2536288502591998e-05,8.375054561458806e-06,-3.7251032130818537e-06,-5.553416141528519e-06,7.718917308440942e-06,-4.5345257666615584e-07,6.620906872168004e-07,-2.4095059817624554e-06,1.0948505201476792e-05,1.1612610566655267e-05,-3.9986025004353325e-07,5.068805050372645e-06,4.458380628356501e-06,8.308277019581745e-06,-3.304573849330082e-06,7.694978296486146e-06,6.570853680600902e-07,-4.9360254705087205e-06,2.212375130138608e-06,6.08374788710593e-06,-1.558115748112807e-05,-0.9999044117483932,-1.7911735070543102e-05,1.1015096466405577e-06,3.912623174029074e-06,8.005222920994644e-06,-8.320975899827576e-06,-3.0324876564303705e-06,-4.07559524548561e-07,1.2324246512464488e-05,1.7079007516936237e-06
0.0,-8.387395121421749e-07,-7.612593825240383e-07,-1.2336932088858282e-07,4.536177287515572e-06,6.468160891053513e-06,2.434676899238372e-06,5.507848923294312e-06,6.004800803030027e-07,-3.462197379089445e-08,-9.563837212707736e-07,-9.085168858286335e-07,-4.449125027077929e-07,2.0651611485005226e-08,-4.584817790940913e-06,1.2699482028302143e-06,3.630277175763948e-06,-3.914545031654866e-06,-4.0782783667313885e-06,1.1873615881576297e-06,5.221615848261795e-07,1.884619351369856e-06,-8.895533106835593e-06,-4.454321654043673e-06,1.2913638353552247e-06,-1.8403066286319483e-06,1.0590780629402936e-06,-5.580193741377081e-06,-2.0616102493728572e-06,-8.084051668965966e-06,-3.680628179918556e-06,9.897589708273264e-07,8.31474417540892e-07,7.5800448928917004e-06,-1.5780791446640466e-06,-1.0772257054469905e-05,6.598405120525145e-06,-1.8215363336239842e-06,-3.388847296363869e-06,1.2149974930005865e-06,-1.8878131928544638e-05,-0.9999917427644469,-4.727723410248765e-07,-5.078949818935426e-07,-4.246643698585276e-06,1.4383554112385226e-05,5.091038894009473e-06,3.8709856159907176e-06,1.564302018539371e-06,-3.3758480008594805e-06
0.0,5.435168479658451e-06,-1.6101956099903673e-06,1.3164229519699742e-06,1.7052880422223388e-06,4.998037809134992e-07,-1.3890380448587115e-06,7.303500347643305e-06,-5.257410167039585e-06,7.369196043277919e-06,4.809716823755231e-06,-3.950682861694875e-06,-3.15941345129908e-06,-7.979786353567514e-07,-2.5227695381317226e-06,-8.822927075828442e-08,-3.1398965205499225e-05,8.631903326325842e-06,-7.703487559905667e-06,1.012599964491326e-06,2.0807725646967054e-06,-6.175708470321022e-06,1.6377412445431445e-06,2.4428736219429872e-06,-3.7231654097847614e-07,-4.643199069691659e-06,6.5336820068401575e-06,-3.0652649868978964e-06,-9.849422794779886e-07,2.1703131118720698e-07,1.9760126367109176e-06,5.729600184951027e-06,2.0248826871509877e-06,4.357258627927902e-06,-7.579639338437298e-06,-3.514568842242718e-07,-6.569310144802547e-07,-5.4752634400678315e-06,-8.445590471834899e-06,-1.916094188973928e-06,2.8677688609748895e-07,2.0886439031796035e-06,0.999997602154511,-1.9377545857544537e-06,-7.445389830209494e-06,1.290124779195954e-05,8.703818553194208e-07,-8.764455548469746e-06,2.9312762292983435e-06,5.947282861510096e-07
0.0,-8.246006968229562e-07,-4.197529864494499e-07,-3.5561094664301127e-06,-4.953535571819058e-07,-4.9262592500814515e-06,3.570235628125568e-06,1.5624621698544247e-06,1.7417574933954992e-06,3.480153672871874e-06,6.8342247028187105e-06,-2.2167038523832844e-06,-2.5036020908544028e-06,3.766768084007442e-06,-9.303535864471023e-07,-1.5148043308195403e-06,-1.0653483959556588e-05,4.616747164092512e-06,5.24355335708045e-06,4.788746921343744e-06,-7.277868724150074e-06,-3.971984858896891e-06,-4.6358464298720114e-06,2.9528540500323195e-06,-4.6796175067245366e-06,2.5913763332958503e-06,-5.5559643392080205e-06,-2.3430439328681723e-06,4.44134951344864e-06,-9.605847692123195e-06,7.314584492153516e-07,1.189986562615656e-06,2.908671537091634e-06,4.0964197607747395e-06,-3.651514660284239e-06,8.191629253222936e-06,-4.7015102433511616e-07,-5.682333999738623e-06,1.5216134395344046e-06,2.134371225973717e-06,3.0528695540128604e-06,3.84282383815123e-07,-9.468169863135299e-07,-1.0000067123139103,-4.055104549473106e-06,8.447917996011527e-07,9.846046239964765e-07,3.644212314149017e-07,1.8289068841376005e-06,-5.199238003873217e-07
0.0,-1.1072676811517662e-07,1.1369449945810725e-06,4.6162566665615815e-06,1.367934126273299e-08,6.265293714774153e-07,4.830867684528479e-06,4.125486673996485e-06,7.425964353133657e-06,-2.935245834638271e-06,-8.45137050547588e-06,-5.225319965575634e-06,-1.1564695844948426e-06,3.5951379884915835e-07,-1.4383770226211855e-07,-2.051615470302367e-07,9.619588484974944e-06,-1.2485387105415014e-06,-9.756983436448881e-06,-5.304866736847759e-06,3.7114877249437953e-06,5.833940193835644e-06,3.214600550946785e-06,1.492829676461183e-06,-6.003397482881271e-06,-3.994245584357363e-06,4.613123904954569e-06,1.8206904763835564e-06,-1.4262160452283148e-05,-3.3991089488754747e-06,7.771469108865836e-06,3.197268069631786e-06,1.2678245766083087e-05,1.514288471398714e-06,-7.036808226761923e-06,2.786138689370708e-06,4.103341190027374e-06,1.562069562419987e-05,4.486985507592044e-06,-4.666736965486931e-07,-7.558063139426762e-06,2.1688730996634848e-06,-9.68785194304375e-06,1.7779001193891704e-06,0.9999960359951958,1.0540616462089604e-05,6.0027414569518784e-06,-7.124643393974788e-06,-3.6766046318985734e-07,6.166616921936454e-06
0.0,-6.393341001886373e-07,-1.7363131593831255e-06,-6.099993204744151e-07,-2.7954313436663047e-06,-1.629653092346459e-06,-7.579315674316827e-07,5.783194768964657e-06,-3.249829947922672e-07,-2.009253511747145e-06,5.6735678976183875e-06,2.918459926446321e-06,-4.468360657109814e-06,1.8123305587167348e-06,-2.1867533264068678e-07,4.088654234194991e-06,-6.049456995682151e-07,7.307348151233942e-06,2.6911165538263604e-07,-5.898869141152068e-06,-5.869790393654917e-06,-1.2654491620178146e-06,-2.108982246206254e-06,-2.928538208490973e-07,-2.1142378784815645e-06,2.253796050276271e-06,-5.811930098498225e-06,1.2269469545336796e-05,-1.8750272391019917e-06,-7.115914861577801e-09,2.231224739175377e-06,6.039984745580325e-07,2.47560808923876e-06,6.530314946612072e-06,3.431321977470488e-07,7.567710694905855e-06,-6.547023137720149e-06,-2.5222208504930187e-06,-1.8744092802969753e-06,7.261436064201889e-06,4.3439954440251885e-06,-1.4691787269132955e-05,1.1386136621540874e-05,1.814846149010825e-06,1.365299138385953e-05,0.9999559496180942,-1.134390030798399e-05,3.5026586245157293e-06,-4.320889107712863e-06,-1.3081767360508534e-06
0.0,1.2231712188021398e-06,-7.186729224333734e-08,5.608791954719339e-07,-3.927925634987417e-06,3.315066658179078e-06,-4.128865149142175e-06,2.237274929436328e-06,-2.1972702246985113e-06,-4.3423933218701277e-07,-4.4744258093075964e-06,2.55834178030809e-06,1.4423938688668075e-06,-4.900008140606884e-06,-2.721627480765776e-06,-1.445996015609757e-07,3.7776465283249873e-06,2.3324329097793666e-06,2.38843287727361e-06,-1.895896158211633e-06,4.92219059302843e-06,7.511839666293692e-07,2.373470786267374e-06,2.83180772480878e-07,1.4453980374189253e-06,4.975221425049652e-06,3.8556511260898585e-06,2.1566568861197803e-06,6.121644145868689e-06,-1.4403640197616823e-07,8.591189808839655e-07,-1.149322505055347e-06,-5.788508155487749e-06,-4.085135925813353e-06,7.462384846983019e-06,-1.6546679783539184e-06,-1.0665332133709589e-06,5.597033423014557e-07,-2.541980309978496e-07,2.995406581096899e-06,2.5715648941757847e-06,-5.0313730899798874e-06,-6.300729296282982e-07,3.1636078737381233e-06,7.369311224934326e-06,-8.361473073719782e-06,0.9999863807706035,1.1693269883726234e-05,3.6468258650085195e-06,-9.778650349239257e-06
0.0,1.0715643875634284e-06,2.432104685984972e-06,1.1001504999126858e-06,-3.300471165759845e-06,3.5171162375096014e-06,-4.950813964964987e-07,7.5113400785148735e-06,3.5942115249805873e-06,-8.618606984295088e-06,1.4809318803464624e-06,-1.268950932264363e-06,-2.9614090476457945e-06,1.2552747024505836e-06,-1.6948628870663108e-06,1.2545565743526963e-06,2.8358468741226953e-06,6.787481899682288e-06,-5.5653194543055895e-06,-4.179855899163284e-06,4.9263637241391684e-06,9.663076808408448e-07,-1.7854753762352106e-06,-2.358622827734555e-06,-2.2990564686518907e-06,3.524173283738083e-06,1.7104363259615189e-06,-1.1155085554859908e-06,1.3436335345781316e-06,-5.7265050843326234e-06,1.9803884623488183e-06,-8.828225927225751e-07,9.33860887831722e-06,4.950437307395403e-06,-3.945105582390656e-06,3.675845590587361e-06,-9.382777378943179e-07,4.310806438298845e-06,-2.115797510435607e-06,6.073467651041716e-06,1.1124233859932179e-06,1.4256658529321153e-06,-4.660043709245007e-06,-1.0298200500845745e-06,-3.0657636506000576e-06,1.229168876655389e-06,9.539918347787496e-06,1.0000083594280955,1.6531675480952797e-06,-1.7340635113188695e-06
0.0,-1.6973876497771295e-06,-3.772588725256159e-07,-4.904331894398645e-06,7.0575136113777844e-06,2.9637505467991293e-06,2.3483383806732526e-06,1.4745373413890751e-06,-7.578790534016321e-07,-2.642676596445466e-07,4.6434865143682863e-07,-4.716653963023047e-06,-1.2392729509116527e-06,1.5109307306134118e-06,8.707358393924958e-06,1.3679158645822872e-05,-2.8059622800091086e-07,-5.1705788199925e-07,-1.0330627639588555e-06,-2.704133310318032e-06,-2.118438695801821e-06,-1.3588459267801074e-06,-1.3138499419226654e-06,8.158784953549991e-07,7.961545609702224e-07,-9.195657464081118e-07,-2.2382083748943547e-06,-5.5705248451363305e-06,5.9115663520402e-07,-3.821775271302326e-07,-2.5445595362536537e-06,-1.947774962306888e-06,-3.3172344348421866e-06,-1.4799023867781094e-06,-5.455590137731465e-06,-1.2088074060907386e-06,2.650116268040434e-06,-4.278955110192882e-06,4.3258227960848685e-07,1.8605627160013551e-06,-8.69866722571584e-06,-2.4782133090666316e-06,2.7123845118645436e-06,-9.766183751686861e-07,-2.782467105350092e-06,5.347911006047733e-09,6.287399473640792e-06,1.4748271321272953e-06,0.9999619252912733,-4.772430649209638e-06
0.0,6.576415891521118e-09,-6.816978421712658e-07,5.389756019218083e-07,2.00037736412883e-06,2.056761231370844e-06,-1.3814058364508322e-06,-1.5782539569823075e-06,-5.231051442320772e-06,3.3095869572336897e-06,-9.929341220450153e-07,1.6463737864733629e-06,-1.4043242382109748e-06,3.66923042129509e-07,-2.229669105469565e-06,-2.1750770909086582e-06,-9.612487276346164e-07,-5.288599490870225e-07,1.4956318070120963e-06,1.9564808028941266e-06,-1.482942363666602e-06,1.0698538771282055e-07,-3.186365110185519e-06,1.5904596596846535e-06,5.4960415006195866e-06,-5.149147302242802e-06,-4.0754091866455156e-07,8.57438331641668e-08,-5.031250301464072e-07,-3.566297288636411e-06,2.7903052143964862e-06,5.050844928587904e-06,3.2359884947298036e-06,-2.430183505612592e-06,-5.323696501602023e-07,2.1120143966499013e-06,5.823413281508965e-07,-4.189096714334974e-08,-5.4960051455453375e-06,3.5350249449896003e-06,1.7727070801254899e-06,-2.6613639060788323e-06,9.139273274561139e-07,3.1766040658257047e-06,-5.223520972629272e-06,1.45593075692117e-06,6.8198045189288665e-06,3.891067863121264e-06,6.5203032724326814e-06,-1.000002403842686
